[0.000000] (-) TimerEvent: {}
[0.000312] (pymoveit2) JobQueued: {'identifier': 'pymoveit2', 'dependencies': OrderedDict()}
[0.000353] (robprakt_interfaces) JobQueued: {'identifier': 'robprakt_interfaces', 'dependencies': OrderedDict()}
[0.000385] (vrpn) JobQueued: {'identifier': 'vrpn', 'dependencies': OrderedDict()}
[0.000415] (vrpn_client_ros) JobQueued: {'identifier': 'vrpn_client_ros', 'dependencies': OrderedDict()}
[0.000445] (robprakt) JobQueued: {'identifier': 'robprakt', 'dependencies': OrderedDict([('robprakt_interfaces', '/home/rob/praktikum_ws/install/robprakt_interfaces')])}
[0.000479] (robprakt_interfaces) JobStarted: {'identifier': 'robprakt_interfaces'}
[0.016311] (robprakt_interfaces) JobProgress: {'identifier': 'robprakt_interfaces', 'progress': 'cmake'}
[0.018071] (robprakt_interfaces) JobProgress: {'identifier': 'robprakt_interfaces', 'progress': 'build'}
[0.019131] (robprakt_interfaces) Command: {'cmd': ['/usr/bin/cmake', '--build', '/home/rob/praktikum_ws/build/robprakt_interfaces', '--', '-j1', '-l1'], 'cwd': '/home/rob/praktikum_ws/build/robprakt_interfaces', 'env': OrderedDict([('LESSOPEN', '| /usr/bin/lesspipe %s'), ('USER', 'rob'), ('LC_TIME', 'en_US.UTF-8'), ('SSH_AGENT_PID', '1196'), ('XDG_SESSION_TYPE', 'x11'), ('SHLVL', '1'), ('LD_LIBRARY_PATH', '/opt/ros/galactic/opt/yaml_cpp_vendor/lib:/opt/ros/galactic/opt/rviz_ogre_vendor/lib:/opt/ros/galactic/lib/x86_64-linux-gnu:/opt/ros/galactic/lib'), ('HOME', '/home/rob'), ('OLDPWD', '/home/rob'), ('DESKTOP_SESSION', 'ubuntu'), ('ROS_PYTHON_VERSION', '3'), ('GNOME_SHELL_SESSION_MODE', 'ubuntu'), ('GTK_MODULES', 'gail:atk-bridge'), ('LC_MONETARY', 'en_US.UTF-8'), ('MANAGERPID', '963'), ('DBUS_SESSION_BUS_ADDRESS', 'unix:path=/run/user/1000/bus'), ('COLORTERM', 'truecolor'), ('IM_CONFIG_PHASE', '1'), ('COLCON_PREFIX_PATH', '/home/rob/ws_pymoveit2/install'), ('ROS_DISTRO', 'galactic'), ('LOGNAME', 'rob'), ('JOURNAL_STREAM', '8:31242'), ('_', '/usr/bin/colcon'), ('ROS_VERSION', '2'), ('XDG_SESSION_CLASS', 'user'), ('USERNAME', 'rob'), ('TERM', 'xterm-256color'), ('GNOME_DESKTOP_SESSION_ID', 'this-is-deprecated'), ('ROS_LOCALHOST_ONLY', '0'), ('WINDOWPATH', '2'), ('PATH', '/opt/ros/galactic/bin:/usr/local/sbin:/usr/local/bin:/usr/sbin:/usr/bin:/sbin:/bin:/usr/games:/usr/local/games:/snap/bin'), ('SESSION_MANAGER', 'local/rob-VirtualBox:@/tmp/.ICE-unix/1234,unix/rob-VirtualBox:/tmp/.ICE-unix/1234'), ('INVOCATION_ID', 'fd3bd5b63f9f4c73a3628a270c5d95d8'), ('PAPERSIZE', 'letter'), ('XDG_MENU_PREFIX', 'gnome-'), ('LC_ADDRESS', 'en_US.UTF-8'), ('GNOME_TERMINAL_SCREEN', '/org/gnome/Terminal/screen/2fb77e07_c358_4ac4_81a8_79d77be095bd'), ('XDG_RUNTIME_DIR', '/run/user/1000'), ('DISPLAY', ':0'), ('LANG', 'en_US.UTF-8'), ('XDG_CURRENT_DESKTOP', 'ubuntu:GNOME'), ('LC_TELEPHONE', 'en_US.UTF-8'), ('XMODIFIERS', '@im=ibus'), ('XDG_SESSION_DESKTOP', 'ubuntu'), ('XAUTHORITY', '/run/user/1000/gdm/Xauthority'), ('LS_COLORS', 'rs=0:di=01;34:ln=01;36:mh=00:pi=40;33:so=01;35:do=01;35:bd=40;33;01:cd=40;33;01:or=40;31;01:mi=00:su=37;41:sg=30;43:ca=30;41:tw=30;42:ow=34;42:st=37;44:ex=01;32:*.tar=01;31:*.tgz=01;31:*.arc=01;31:*.arj=01;31:*.taz=01;31:*.lha=01;31:*.lz4=01;31:*.lzh=01;31:*.lzma=01;31:*.tlz=01;31:*.txz=01;31:*.tzo=01;31:*.t7z=01;31:*.zip=01;31:*.z=01;31:*.dz=01;31:*.gz=01;31:*.lrz=01;31:*.lz=01;31:*.lzo=01;31:*.xz=01;31:*.zst=01;31:*.tzst=01;31:*.bz2=01;31:*.bz=01;31:*.tbz=01;31:*.tbz2=01;31:*.tz=01;31:*.deb=01;31:*.rpm=01;31:*.jar=01;31:*.war=01;31:*.ear=01;31:*.sar=01;31:*.rar=01;31:*.alz=01;31:*.ace=01;31:*.zoo=01;31:*.cpio=01;31:*.7z=01;31:*.rz=01;31:*.cab=01;31:*.wim=01;31:*.swm=01;31:*.dwm=01;31:*.esd=01;31:*.jpg=01;35:*.jpeg=01;35:*.mjpg=01;35:*.mjpeg=01;35:*.gif=01;35:*.bmp=01;35:*.pbm=01;35:*.pgm=01;35:*.ppm=01;35:*.tga=01;35:*.xbm=01;35:*.xpm=01;35:*.tif=01;35:*.tiff=01;35:*.png=01;35:*.svg=01;35:*.svgz=01;35:*.mng=01;35:*.pcx=01;35:*.mov=01;35:*.mpg=01;35:*.mpeg=01;35:*.m2v=01;35:*.mkv=01;35:*.webm=01;35:*.ogm=01;35:*.mp4=01;35:*.m4v=01;35:*.mp4v=01;35:*.vob=01;35:*.qt=01;35:*.nuv=01;35:*.wmv=01;35:*.asf=01;35:*.rm=01;35:*.rmvb=01;35:*.flc=01;35:*.avi=01;35:*.fli=01;35:*.flv=01;35:*.gl=01;35:*.dl=01;35:*.xcf=01;35:*.xwd=01;35:*.yuv=01;35:*.cgm=01;35:*.emf=01;35:*.ogv=01;35:*.ogx=01;35:*.aac=00;36:*.au=00;36:*.flac=00;36:*.m4a=00;36:*.mid=00;36:*.midi=00;36:*.mka=00;36:*.mp3=00;36:*.mpc=00;36:*.ogg=00;36:*.ra=00;36:*.wav=00;36:*.oga=00;36:*.opus=00;36:*.spx=00;36:*.xspf=00;36:'), ('GNOME_TERMINAL_SERVICE', ':1.76'), ('SSH_AUTH_SOCK', '/run/user/1000/keyring/ssh'), ('AMENT_PREFIX_PATH', '/home/rob/ws_pymoveit2/install:/opt/ros/galactic'), ('SHELL', '/bin/bash'), ('LC_NAME', 'en_US.UTF-8'), ('QT_ACCESSIBILITY', '1'), ('GDMSESSION', 'ubuntu'), ('LESSCLOSE', '/usr/bin/lesspipe %s %s'), ('LC_MEASUREMENT', 'en_US.UTF-8'), ('GPG_AGENT_INFO', '/run/user/1000/gnupg/S.gpg-agent:0:1'), ('LC_IDENTIFICATION', 'en_US.UTF-8'), ('QT_IM_MODULE', 'ibus'), ('PWD', '/home/rob/praktikum_ws/build/robprakt_interfaces'), ('LC_ALL', 'en_US.UTF-8'), ('XDG_CONFIG_DIRS', '/etc/xdg/xdg-ubuntu:/etc/xdg'), ('XDG_DATA_DIRS', '/usr/share/ubuntu:/usr/local/share/:/usr/share/:/var/lib/snapd/desktop'), ('PYTHONPATH', '/home/rob/ws_pymoveit2/install/lib/python3.8/site-packages:/opt/ros/galactic/lib/python3.8/site-packages'), ('LC_NUMERIC', 'en_US.UTF-8'), ('LC_PAPER', 'en_US.UTF-8'), ('COLCON', '1'), ('VTE_VERSION', '6003'), ('CMAKE_PREFIX_PATH', '/home/rob/ws_pymoveit2/install:/opt/ros/galactic')]), 'shell': False}
[0.094889] (-) TimerEvent: {}
[0.108271] (robprakt_interfaces) StdoutLine: {'line': b'[  3%] Built target robprakt_interfaces__cpp\n'}
[0.139482] (robprakt_interfaces) StdoutLine: {'line': b'[ 12%] Built target robprakt_interfaces__rosidl_generator_c\n'}
[0.166574] (robprakt_interfaces) StdoutLine: {'line': b'[ 22%] Built target robprakt_interfaces__rosidl_typesupport_c\n'}
[0.200383] (robprakt_interfaces) StdoutLine: {'line': b'[ 32%] Built target robprakt_interfaces__rosidl_typesupport_fastrtps_cpp\n'}
[0.200561] (-) TimerEvent: {}
[0.232606] (robprakt_interfaces) StdoutLine: {'line': b'[ 41%] Built target robprakt_interfaces__rosidl_typesupport_fastrtps_c\n'}
[0.260804] (robprakt_interfaces) StdoutLine: {'line': b'[ 51%] Built target robprakt_interfaces__rosidl_typesupport_introspection_cpp\n'}
[0.286321] (robprakt_interfaces) StdoutLine: {'line': b'[ 61%] Built target robprakt_interfaces__rosidl_typesupport_introspection_c\n'}
[0.300622] (-) TimerEvent: {}
[0.311953] (robprakt_interfaces) StdoutLine: {'line': b'[ 70%] Built target robprakt_interfaces__rosidl_typesupport_cpp\n'}
[0.333643] (robprakt_interfaces) StdoutLine: {'line': b'[ 70%] Built target robprakt_interfaces\n'}
[0.358975] (robprakt_interfaces) StdoutLine: {'line': b'[ 74%] Built target robprakt_interfaces__py\n'}
[0.389390] (robprakt_interfaces) StdoutLine: {'line': b'[ 80%] Built target robprakt_interfaces__python\n'}
[0.401736] (-) TimerEvent: {}
[0.419790] (robprakt_interfaces) StdoutLine: {'line': b'[ 87%] Built target robprakt_interfaces__rosidl_typesupport_fastrtps_c__pyext\n'}
[0.454378] (robprakt_interfaces) StdoutLine: {'line': b'[ 93%] Built target robprakt_interfaces__rosidl_typesupport_introspection_c__pyext\n'}
[0.485012] (robprakt_interfaces) StdoutLine: {'line': b'[100%] Built target robprakt_interfaces__rosidl_typesupport_c__pyext\n'}
[0.496965] (robprakt_interfaces) CommandEnded: {'returncode': 0}
[0.505825] (-) TimerEvent: {}
[0.551927] (robprakt_interfaces) JobProgress: {'identifier': 'robprakt_interfaces', 'progress': 'install'}
[0.561884] (robprakt_interfaces) Command: {'cmd': ['/usr/bin/cmake', '--install', '/home/rob/praktikum_ws/build/robprakt_interfaces'], 'cwd': '/home/rob/praktikum_ws/build/robprakt_interfaces', 'env': OrderedDict([('LESSOPEN', '| /usr/bin/lesspipe %s'), ('USER', 'rob'), ('LC_TIME', 'en_US.UTF-8'), ('SSH_AGENT_PID', '1196'), ('XDG_SESSION_TYPE', 'x11'), ('SHLVL', '1'), ('LD_LIBRARY_PATH', '/opt/ros/galactic/opt/yaml_cpp_vendor/lib:/opt/ros/galactic/opt/rviz_ogre_vendor/lib:/opt/ros/galactic/lib/x86_64-linux-gnu:/opt/ros/galactic/lib'), ('HOME', '/home/rob'), ('OLDPWD', '/home/rob'), ('DESKTOP_SESSION', 'ubuntu'), ('ROS_PYTHON_VERSION', '3'), ('GNOME_SHELL_SESSION_MODE', 'ubuntu'), ('GTK_MODULES', 'gail:atk-bridge'), ('LC_MONETARY', 'en_US.UTF-8'), ('MANAGERPID', '963'), ('DBUS_SESSION_BUS_ADDRESS', 'unix:path=/run/user/1000/bus'), ('COLORTERM', 'truecolor'), ('IM_CONFIG_PHASE', '1'), ('COLCON_PREFIX_PATH', '/home/rob/ws_pymoveit2/install'), ('ROS_DISTRO', 'galactic'), ('LOGNAME', 'rob'), ('JOURNAL_STREAM', '8:31242'), ('_', '/usr/bin/colcon'), ('ROS_VERSION', '2'), ('XDG_SESSION_CLASS', 'user'), ('USERNAME', 'rob'), ('TERM', 'xterm-256color'), ('GNOME_DESKTOP_SESSION_ID', 'this-is-deprecated'), ('ROS_LOCALHOST_ONLY', '0'), ('WINDOWPATH', '2'), ('PATH', '/opt/ros/galactic/bin:/usr/local/sbin:/usr/local/bin:/usr/sbin:/usr/bin:/sbin:/bin:/usr/games:/usr/local/games:/snap/bin'), ('SESSION_MANAGER', 'local/rob-VirtualBox:@/tmp/.ICE-unix/1234,unix/rob-VirtualBox:/tmp/.ICE-unix/1234'), ('INVOCATION_ID', 'fd3bd5b63f9f4c73a3628a270c5d95d8'), ('PAPERSIZE', 'letter'), ('XDG_MENU_PREFIX', 'gnome-'), ('LC_ADDRESS', 'en_US.UTF-8'), ('GNOME_TERMINAL_SCREEN', '/org/gnome/Terminal/screen/2fb77e07_c358_4ac4_81a8_79d77be095bd'), ('XDG_RUNTIME_DIR', '/run/user/1000'), ('DISPLAY', ':0'), ('LANG', 'en_US.UTF-8'), ('XDG_CURRENT_DESKTOP', 'ubuntu:GNOME'), ('LC_TELEPHONE', 'en_US.UTF-8'), ('XMODIFIERS', '@im=ibus'), ('XDG_SESSION_DESKTOP', 'ubuntu'), ('XAUTHORITY', '/run/user/1000/gdm/Xauthority'), ('LS_COLORS', 'rs=0:di=01;34:ln=01;36:mh=00:pi=40;33:so=01;35:do=01;35:bd=40;33;01:cd=40;33;01:or=40;31;01:mi=00:su=37;41:sg=30;43:ca=30;41:tw=30;42:ow=34;42:st=37;44:ex=01;32:*.tar=01;31:*.tgz=01;31:*.arc=01;31:*.arj=01;31:*.taz=01;31:*.lha=01;31:*.lz4=01;31:*.lzh=01;31:*.lzma=01;31:*.tlz=01;31:*.txz=01;31:*.tzo=01;31:*.t7z=01;31:*.zip=01;31:*.z=01;31:*.dz=01;31:*.gz=01;31:*.lrz=01;31:*.lz=01;31:*.lzo=01;31:*.xz=01;31:*.zst=01;31:*.tzst=01;31:*.bz2=01;31:*.bz=01;31:*.tbz=01;31:*.tbz2=01;31:*.tz=01;31:*.deb=01;31:*.rpm=01;31:*.jar=01;31:*.war=01;31:*.ear=01;31:*.sar=01;31:*.rar=01;31:*.alz=01;31:*.ace=01;31:*.zoo=01;31:*.cpio=01;31:*.7z=01;31:*.rz=01;31:*.cab=01;31:*.wim=01;31:*.swm=01;31:*.dwm=01;31:*.esd=01;31:*.jpg=01;35:*.jpeg=01;35:*.mjpg=01;35:*.mjpeg=01;35:*.gif=01;35:*.bmp=01;35:*.pbm=01;35:*.pgm=01;35:*.ppm=01;35:*.tga=01;35:*.xbm=01;35:*.xpm=01;35:*.tif=01;35:*.tiff=01;35:*.png=01;35:*.svg=01;35:*.svgz=01;35:*.mng=01;35:*.pcx=01;35:*.mov=01;35:*.mpg=01;35:*.mpeg=01;35:*.m2v=01;35:*.mkv=01;35:*.webm=01;35:*.ogm=01;35:*.mp4=01;35:*.m4v=01;35:*.mp4v=01;35:*.vob=01;35:*.qt=01;35:*.nuv=01;35:*.wmv=01;35:*.asf=01;35:*.rm=01;35:*.rmvb=01;35:*.flc=01;35:*.avi=01;35:*.fli=01;35:*.flv=01;35:*.gl=01;35:*.dl=01;35:*.xcf=01;35:*.xwd=01;35:*.yuv=01;35:*.cgm=01;35:*.emf=01;35:*.ogv=01;35:*.ogx=01;35:*.aac=00;36:*.au=00;36:*.flac=00;36:*.m4a=00;36:*.mid=00;36:*.midi=00;36:*.mka=00;36:*.mp3=00;36:*.mpc=00;36:*.ogg=00;36:*.ra=00;36:*.wav=00;36:*.oga=00;36:*.opus=00;36:*.spx=00;36:*.xspf=00;36:'), ('GNOME_TERMINAL_SERVICE', ':1.76'), ('SSH_AUTH_SOCK', '/run/user/1000/keyring/ssh'), ('AMENT_PREFIX_PATH', '/home/rob/ws_pymoveit2/install:/opt/ros/galactic'), ('SHELL', '/bin/bash'), ('LC_NAME', 'en_US.UTF-8'), ('QT_ACCESSIBILITY', '1'), ('GDMSESSION', 'ubuntu'), ('LESSCLOSE', '/usr/bin/lesspipe %s %s'), ('LC_MEASUREMENT', 'en_US.UTF-8'), ('GPG_AGENT_INFO', '/run/user/1000/gnupg/S.gpg-agent:0:1'), ('LC_IDENTIFICATION', 'en_US.UTF-8'), ('QT_IM_MODULE', 'ibus'), ('PWD', '/home/rob/praktikum_ws/build/robprakt_interfaces'), ('LC_ALL', 'en_US.UTF-8'), ('XDG_CONFIG_DIRS', '/etc/xdg/xdg-ubuntu:/etc/xdg'), ('XDG_DATA_DIRS', '/usr/share/ubuntu:/usr/local/share/:/usr/share/:/var/lib/snapd/desktop'), ('PYTHONPATH', '/home/rob/ws_pymoveit2/install/lib/python3.8/site-packages:/opt/ros/galactic/lib/python3.8/site-packages'), ('LC_NUMERIC', 'en_US.UTF-8'), ('LC_PAPER', 'en_US.UTF-8'), ('COLCON', '1'), ('VTE_VERSION', '6003'), ('CMAKE_PREFIX_PATH', '/home/rob/ws_pymoveit2/install:/opt/ros/galactic')]), 'shell': False}
[0.574735] (robprakt_interfaces) StdoutLine: {'line': b'-- Install configuration: ""\n'}
[0.576714] (robprakt_interfaces) StdoutLine: {'line': b'-- Up-to-date: /home/rob/praktikum_ws/install/robprakt_interfaces/share/ament_index/resource_index/rosidl_interfaces/robprakt_interfaces\n'}
[0.577299] (robprakt_interfaces) StdoutLine: {'line': b'-- Up-to-date: /home/rob/praktikum_ws/install/robprakt_interfaces/include/robprakt_interfaces\n'}
[0.577821] (robprakt_interfaces) StdoutLine: {'line': b'-- Up-to-date: /home/rob/praktikum_ws/install/robprakt_interfaces/include/robprakt_interfaces/msg\n'}
[0.578323] (robprakt_interfaces) StdoutLine: {'line': b'-- Up-to-date: /home/rob/praktikum_ws/install/robprakt_interfaces/include/robprakt_interfaces/msg/rosidl_generator_c__visibility_control.h\n'}
[0.578502] (robprakt_interfaces) StdoutLine: {'line': b'-- Up-to-date: /home/rob/praktikum_ws/install/robprakt_interfaces/include/robprakt_interfaces/srv\n'}
[0.578986] (robprakt_interfaces) StdoutLine: {'line': b'-- Up-to-date: /home/rob/praktikum_ws/install/robprakt_interfaces/include/robprakt_interfaces/srv/detail\n'}
[0.579495] (robprakt_interfaces) StdoutLine: {'line': b'-- Up-to-date: /home/rob/praktikum_ws/install/robprakt_interfaces/include/robprakt_interfaces/srv/detail/set_ur_io__functions.c\n'}
[0.579678] (robprakt_interfaces) StdoutLine: {'line': b'-- Up-to-date: /home/rob/praktikum_ws/install/robprakt_interfaces/include/robprakt_interfaces/srv/detail/set_ur_io__struct.h\n'}
[0.579850] (robprakt_interfaces) StdoutLine: {'line': b'-- Up-to-date: /home/rob/praktikum_ws/install/robprakt_interfaces/include/robprakt_interfaces/srv/detail/set_ur_io__functions.h\n'}
[0.580020] (robprakt_interfaces) StdoutLine: {'line': b'-- Up-to-date: /home/rob/praktikum_ws/install/robprakt_interfaces/include/robprakt_interfaces/srv/detail/set_ur_io__type_support.h\n'}
[0.580214] (robprakt_interfaces) StdoutLine: {'line': b'-- Up-to-date: /home/rob/praktikum_ws/install/robprakt_interfaces/include/robprakt_interfaces/srv/set_ur_io.h\n'}
[0.580952] (robprakt_interfaces) StdoutLine: {'line': b'-- Up-to-date: /home/rob/praktikum_ws/install/robprakt_interfaces/share/robprakt_interfaces/environment/library_path.sh\n'}
[0.581208] (robprakt_interfaces) StdoutLine: {'line': b'-- Up-to-date: /home/rob/praktikum_ws/install/robprakt_interfaces/share/robprakt_interfaces/environment/library_path.dsv\n'}
[0.582473] (robprakt_interfaces) StdoutLine: {'line': b'-- Up-to-date: /home/rob/praktikum_ws/install/robprakt_interfaces/lib/librobprakt_interfaces__rosidl_generator_c.so\n'}
[0.582949] (robprakt_interfaces) StdoutLine: {'line': b'-- Up-to-date: /home/rob/praktikum_ws/install/robprakt_interfaces/include/robprakt_interfaces\n'}
[0.583143] (robprakt_interfaces) StdoutLine: {'line': b'-- Up-to-date: /home/rob/praktikum_ws/install/robprakt_interfaces/include/robprakt_interfaces/msg\n'}
[0.583330] (robprakt_interfaces) StdoutLine: {'line': b'-- Up-to-date: /home/rob/praktikum_ws/install/robprakt_interfaces/include/robprakt_interfaces/msg/rosidl_typesupport_fastrtps_c__visibility_control.h\n'}
[0.583509] (robprakt_interfaces) StdoutLine: {'line': b'-- Up-to-date: /home/rob/praktikum_ws/install/robprakt_interfaces/include/robprakt_interfaces/srv\n'}
[0.583699] (robprakt_interfaces) StdoutLine: {'line': b'-- Up-to-date: /home/rob/praktikum_ws/install/robprakt_interfaces/include/robprakt_interfaces/srv/detail\n'}
[0.583909] (robprakt_interfaces) StdoutLine: {'line': b'-- Up-to-date: /home/rob/praktikum_ws/install/robprakt_interfaces/include/robprakt_interfaces/srv/detail/set_ur_io__rosidl_typesupport_fastrtps_c.h\n'}
[0.584894] (robprakt_interfaces) StdoutLine: {'line': b'-- Up-to-date: /home/rob/praktikum_ws/install/robprakt_interfaces/lib/librobprakt_interfaces__rosidl_typesupport_fastrtps_c.so\n'}
[0.585380] (robprakt_interfaces) StdoutLine: {'line': b'-- Up-to-date: /home/rob/praktikum_ws/install/robprakt_interfaces/include/robprakt_interfaces\n'}
[0.585572] (robprakt_interfaces) StdoutLine: {'line': b'-- Up-to-date: /home/rob/praktikum_ws/install/robprakt_interfaces/include/robprakt_interfaces/msg\n'}
[0.585762] (robprakt_interfaces) StdoutLine: {'line': b'-- Up-to-date: /home/rob/praktikum_ws/install/robprakt_interfaces/include/robprakt_interfaces/msg/rosidl_typesupport_fastrtps_cpp__visibility_control.h\n'}
[0.585932] (robprakt_interfaces) StdoutLine: {'line': b'-- Up-to-date: /home/rob/praktikum_ws/install/robprakt_interfaces/include/robprakt_interfaces/srv\n'}
[0.586108] (robprakt_interfaces) StdoutLine: {'line': b'-- Up-to-date: /home/rob/praktikum_ws/install/robprakt_interfaces/include/robprakt_interfaces/srv/detail\n'}
[0.586295] (robprakt_interfaces) StdoutLine: {'line': b'-- Up-to-date: /home/rob/praktikum_ws/install/robprakt_interfaces/include/robprakt_interfaces/srv/detail/set_ur_io__rosidl_typesupport_fastrtps_cpp.hpp\n'}
[0.586461] (robprakt_interfaces) StdoutLine: {'line': b'-- Up-to-date: /home/rob/praktikum_ws/install/robprakt_interfaces/include/robprakt_interfaces/srv/detail/dds_fastrtps\n'}
[0.587609] (robprakt_interfaces) StdoutLine: {'line': b'-- Up-to-date: /home/rob/praktikum_ws/install/robprakt_interfaces/lib/librobprakt_interfaces__rosidl_typesupport_fastrtps_cpp.so\n'}
[0.588084] (robprakt_interfaces) StdoutLine: {'line': b'-- Up-to-date: /home/rob/praktikum_ws/install/robprakt_interfaces/include/robprakt_interfaces\n'}
[0.588285] (robprakt_interfaces) StdoutLine: {'line': b'-- Up-to-date: /home/rob/praktikum_ws/install/robprakt_interfaces/include/robprakt_interfaces/msg\n'}
[0.588472] (robprakt_interfaces) StdoutLine: {'line': b'-- Up-to-date: /home/rob/praktikum_ws/install/robprakt_interfaces/include/robprakt_interfaces/msg/rosidl_typesupport_introspection_c__visibility_control.h\n'}
[0.588674] (robprakt_interfaces) StdoutLine: {'line': b'-- Up-to-date: /home/rob/praktikum_ws/install/robprakt_interfaces/include/robprakt_interfaces/srv\n'}
[0.588855] (robprakt_interfaces) StdoutLine: {'line': b'-- Up-to-date: /home/rob/praktikum_ws/install/robprakt_interfaces/include/robprakt_interfaces/srv/detail\n'}
[0.589039] (robprakt_interfaces) StdoutLine: {'line': b'-- Up-to-date: /home/rob/praktikum_ws/install/robprakt_interfaces/include/robprakt_interfaces/srv/detail/set_ur_io__rosidl_typesupport_introspection_c.h\n'}
[0.589244] (robprakt_interfaces) StdoutLine: {'line': b'-- Up-to-date: /home/rob/praktikum_ws/install/robprakt_interfaces/include/robprakt_interfaces/srv/detail/set_ur_io__type_support.c\n'}
[0.590360] (robprakt_interfaces) StdoutLine: {'line': b'-- Up-to-date: /home/rob/praktikum_ws/install/robprakt_interfaces/lib/librobprakt_interfaces__rosidl_typesupport_introspection_c.so\n'}
[0.591656] (robprakt_interfaces) StdoutLine: {'line': b'-- Up-to-date: /home/rob/praktikum_ws/install/robprakt_interfaces/lib/librobprakt_interfaces__rosidl_typesupport_c.so\n'}
[0.592105] (robprakt_interfaces) StdoutLine: {'line': b'-- Up-to-date: /home/rob/praktikum_ws/install/robprakt_interfaces/include/robprakt_interfaces\n'}
[0.592295] (robprakt_interfaces) StdoutLine: {'line': b'-- Up-to-date: /home/rob/praktikum_ws/install/robprakt_interfaces/include/robprakt_interfaces/srv\n'}
[0.592483] (robprakt_interfaces) StdoutLine: {'line': b'-- Up-to-date: /home/rob/praktikum_ws/install/robprakt_interfaces/include/robprakt_interfaces/srv/set_ur_io.hpp\n'}
[0.592645] (robprakt_interfaces) StdoutLine: {'line': b'-- Up-to-date: /home/rob/praktikum_ws/install/robprakt_interfaces/include/robprakt_interfaces/srv/detail\n'}
[0.592826] (robprakt_interfaces) StdoutLine: {'line': b'-- Up-to-date: /home/rob/praktikum_ws/install/robprakt_interfaces/include/robprakt_interfaces/srv/detail/set_ur_io__traits.hpp\n'}
[0.592993] (robprakt_interfaces) StdoutLine: {'line': b'-- Up-to-date: /home/rob/praktikum_ws/install/robprakt_interfaces/include/robprakt_interfaces/srv/detail/set_ur_io__builder.hpp\n'}
[0.593193] (robprakt_interfaces) StdoutLine: {'line': b'-- Up-to-date: /home/rob/praktikum_ws/install/robprakt_interfaces/include/robprakt_interfaces/srv/detail/set_ur_io__struct.hpp\n'}
[0.593441] (robprakt_interfaces) StdoutLine: {'line': b'-- Up-to-date: /home/rob/praktikum_ws/install/robprakt_interfaces/include/robprakt_interfaces\n'}
[0.593627] (robprakt_interfaces) StdoutLine: {'line': b'-- Up-to-date: /home/rob/praktikum_ws/install/robprakt_interfaces/include/robprakt_interfaces/srv\n'}
[0.593804] (robprakt_interfaces) StdoutLine: {'line': b'-- Up-to-date: /home/rob/praktikum_ws/install/robprakt_interfaces/include/robprakt_interfaces/srv/detail\n'}
[0.593997] (robprakt_interfaces) StdoutLine: {'line': b'-- Up-to-date: /home/rob/praktikum_ws/install/robprakt_interfaces/include/robprakt_interfaces/srv/detail/set_ur_io__rosidl_typesupport_introspection_cpp.hpp\n'}
[0.594173] (robprakt_interfaces) StdoutLine: {'line': b'-- Up-to-date: /home/rob/praktikum_ws/install/robprakt_interfaces/include/robprakt_interfaces/srv/detail/set_ur_io__type_support.cpp\n'}
[0.595678] (robprakt_interfaces) StdoutLine: {'line': b'-- Up-to-date: /home/rob/praktikum_ws/install/robprakt_interfaces/lib/librobprakt_interfaces__rosidl_typesupport_introspection_cpp.so\n'}
[0.596881] (robprakt_interfaces) StdoutLine: {'line': b'-- Up-to-date: /home/rob/praktikum_ws/install/robprakt_interfaces/lib/librobprakt_interfaces__rosidl_typesupport_cpp.so\n'}
[0.597341] (robprakt_interfaces) StdoutLine: {'line': b'-- Up-to-date: /home/rob/praktikum_ws/install/robprakt_interfaces/share/robprakt_interfaces/environment/pythonpath.sh\n'}
[0.597581] (robprakt_interfaces) StdoutLine: {'line': b'-- Up-to-date: /home/rob/praktikum_ws/install/robprakt_interfaces/share/robprakt_interfaces/environment/pythonpath.dsv\n'}
[0.598625] (robprakt_interfaces) StdoutLine: {'line': b'-- Up-to-date: /home/rob/praktikum_ws/install/robprakt_interfaces/lib/python3.8/site-packages/robprakt_interfaces/__init__.py\n'}
[0.614080] (-) TimerEvent: {}
[0.642460] (robprakt_interfaces) StdoutLine: {'line': b'-- Up-to-date: /home/rob/praktikum_ws/install/robprakt_interfaces/lib/python3.8/site-packages/robprakt_interfaces/srv\n'}
[0.643086] (robprakt_interfaces) StdoutLine: {'line': b'-- Up-to-date: /home/rob/praktikum_ws/install/robprakt_interfaces/lib/python3.8/site-packages/robprakt_interfaces/srv/_set_ur_io.py\n'}
[0.643303] (robprakt_interfaces) StdoutLine: {'line': b'-- Up-to-date: /home/rob/praktikum_ws/install/robprakt_interfaces/lib/python3.8/site-packages/robprakt_interfaces/srv/__init__.py\n'}
[0.643825] (robprakt_interfaces) StdoutLine: {'line': b'-- Up-to-date: /home/rob/praktikum_ws/install/robprakt_interfaces/lib/python3.8/site-packages/robprakt_interfaces/srv/_set_ur_io_s.c\n'}
[0.644623] (robprakt_interfaces) StdoutLine: {'line': b'-- Up-to-date: /home/rob/praktikum_ws/install/robprakt_interfaces/lib/python3.8/site-packages/robprakt_interfaces/robprakt_interfaces_s__rosidl_typesupport_fastrtps_c.cpython-38-x86_64-linux-gnu.so\n'}
[0.646586] (robprakt_interfaces) StdoutLine: {'line': b'-- Up-to-date: /home/rob/praktikum_ws/install/robprakt_interfaces/lib/python3.8/site-packages/robprakt_interfaces/robprakt_interfaces_s__rosidl_typesupport_introspection_c.cpython-38-x86_64-linux-gnu.so\n'}
[0.648216] (robprakt_interfaces) StdoutLine: {'line': b'-- Up-to-date: /home/rob/praktikum_ws/install/robprakt_interfaces/lib/python3.8/site-packages/robprakt_interfaces/robprakt_interfaces_s__rosidl_typesupport_c.cpython-38-x86_64-linux-gnu.so\n'}
[0.649666] (robprakt_interfaces) StdoutLine: {'line': b'-- Up-to-date: /home/rob/praktikum_ws/install/robprakt_interfaces/lib/librobprakt_interfaces__python.so\n'}
[0.650438] (robprakt_interfaces) StdoutLine: {'line': b'-- Up-to-date: /home/rob/praktikum_ws/install/robprakt_interfaces/share/robprakt_interfaces/srv/SetUrIo.idl\n'}
[0.650691] (robprakt_interfaces) StdoutLine: {'line': b'-- Up-to-date: /home/rob/praktikum_ws/install/robprakt_interfaces/share/robprakt_interfaces/srv/SetUrIo.srv\n'}
[0.650980] (robprakt_interfaces) StdoutLine: {'line': b'-- Up-to-date: /home/rob/praktikum_ws/install/robprakt_interfaces/share/robprakt_interfaces/srv/SetUrIo_Request.msg\n'}
[0.651218] (robprakt_interfaces) StdoutLine: {'line': b'-- Up-to-date: /home/rob/praktikum_ws/install/robprakt_interfaces/share/robprakt_interfaces/srv/SetUrIo_Response.msg\n'}
[0.651779] (robprakt_interfaces) StdoutLine: {'line': b'-- Up-to-date: /home/rob/praktikum_ws/install/robprakt_interfaces/share/ament_index/resource_index/package_run_dependencies/robprakt_interfaces\n'}
[0.652317] (robprakt_interfaces) StdoutLine: {'line': b'-- Up-to-date: /home/rob/praktikum_ws/install/robprakt_interfaces/share/ament_index/resource_index/parent_prefix_path/robprakt_interfaces\n'}
[0.652576] (robprakt_interfaces) StdoutLine: {'line': b'-- Up-to-date: /home/rob/praktikum_ws/install/robprakt_interfaces/share/robprakt_interfaces/environment/ament_prefix_path.sh\n'}
[0.652826] (robprakt_interfaces) StdoutLine: {'line': b'-- Up-to-date: /home/rob/praktikum_ws/install/robprakt_interfaces/share/robprakt_interfaces/environment/ament_prefix_path.dsv\n'}
[0.653069] (robprakt_interfaces) StdoutLine: {'line': b'-- Up-to-date: /home/rob/praktikum_ws/install/robprakt_interfaces/share/robprakt_interfaces/environment/path.sh\n'}
[0.653319] (robprakt_interfaces) StdoutLine: {'line': b'-- Up-to-date: /home/rob/praktikum_ws/install/robprakt_interfaces/share/robprakt_interfaces/environment/path.dsv\n'}
[0.653563] (robprakt_interfaces) StdoutLine: {'line': b'-- Up-to-date: /home/rob/praktikum_ws/install/robprakt_interfaces/share/robprakt_interfaces/local_setup.bash\n'}
[0.653796] (robprakt_interfaces) StdoutLine: {'line': b'-- Up-to-date: /home/rob/praktikum_ws/install/robprakt_interfaces/share/robprakt_interfaces/local_setup.sh\n'}
[0.654027] (robprakt_interfaces) StdoutLine: {'line': b'-- Up-to-date: /home/rob/praktikum_ws/install/robprakt_interfaces/share/robprakt_interfaces/local_setup.zsh\n'}
[0.654259] (robprakt_interfaces) StdoutLine: {'line': b'-- Up-to-date: /home/rob/praktikum_ws/install/robprakt_interfaces/share/robprakt_interfaces/local_setup.dsv\n'}
[0.654490] (robprakt_interfaces) StdoutLine: {'line': b'-- Installing: /home/rob/praktikum_ws/install/robprakt_interfaces/share/robprakt_interfaces/package.dsv\n'}
[0.655460] (robprakt_interfaces) StdoutLine: {'line': b'-- Up-to-date: /home/rob/praktikum_ws/install/robprakt_interfaces/share/ament_index/resource_index/packages/robprakt_interfaces\n'}
[0.658961] (robprakt_interfaces) StdoutLine: {'line': b'-- Up-to-date: /home/rob/praktikum_ws/install/robprakt_interfaces/share/robprakt_interfaces/cmake/robprakt_interfaces__rosidl_generator_cExport.cmake\n'}
[0.659251] (robprakt_interfaces) StdoutLine: {'line': b'-- Up-to-date: /home/rob/praktikum_ws/install/robprakt_interfaces/share/robprakt_interfaces/cmake/robprakt_interfaces__rosidl_generator_cExport-noconfig.cmake\n'}
[0.660287] (robprakt_interfaces) StdoutLine: {'line': b'-- Up-to-date: /home/rob/praktikum_ws/install/robprakt_interfaces/share/robprakt_interfaces/cmake/robprakt_interfaces__rosidl_typesupport_introspection_cExport.cmake\n'}
[0.660544] (robprakt_interfaces) StdoutLine: {'line': b'-- Up-to-date: /home/rob/praktikum_ws/install/robprakt_interfaces/share/robprakt_interfaces/cmake/robprakt_interfaces__rosidl_typesupport_introspection_cExport-noconfig.cmake\n'}
[0.661547] (robprakt_interfaces) StdoutLine: {'line': b'-- Up-to-date: /home/rob/praktikum_ws/install/robprakt_interfaces/share/robprakt_interfaces/cmake/robprakt_interfaces__rosidl_typesupport_cExport.cmake\n'}
[0.661797] (robprakt_interfaces) StdoutLine: {'line': b'-- Up-to-date: /home/rob/praktikum_ws/install/robprakt_interfaces/share/robprakt_interfaces/cmake/robprakt_interfaces__rosidl_typesupport_cExport-noconfig.cmake\n'}
[0.662709] (robprakt_interfaces) StdoutLine: {'line': b'-- Up-to-date: /home/rob/praktikum_ws/install/robprakt_interfaces/share/robprakt_interfaces/cmake/robprakt_interfaces__rosidl_generator_cppExport.cmake\n'}
[0.663678] (robprakt_interfaces) StdoutLine: {'line': b'-- Up-to-date: /home/rob/praktikum_ws/install/robprakt_interfaces/share/robprakt_interfaces/cmake/robprakt_interfaces__rosidl_typesupport_introspection_cppExport.cmake\n'}
[0.663930] (robprakt_interfaces) StdoutLine: {'line': b'-- Up-to-date: /home/rob/praktikum_ws/install/robprakt_interfaces/share/robprakt_interfaces/cmake/robprakt_interfaces__rosidl_typesupport_introspection_cppExport-noconfig.cmake\n'}
[0.664827] (robprakt_interfaces) StdoutLine: {'line': b'-- Up-to-date: /home/rob/praktikum_ws/install/robprakt_interfaces/share/robprakt_interfaces/cmake/robprakt_interfaces__rosidl_typesupport_cppExport.cmake\n'}
[0.665085] (robprakt_interfaces) StdoutLine: {'line': b'-- Up-to-date: /home/rob/praktikum_ws/install/robprakt_interfaces/share/robprakt_interfaces/cmake/robprakt_interfaces__rosidl_typesupport_cppExport-noconfig.cmake\n'}
[0.665335] (robprakt_interfaces) StdoutLine: {'line': b'-- Up-to-date: /home/rob/praktikum_ws/install/robprakt_interfaces/share/robprakt_interfaces/cmake/rosidl_cmake-extras.cmake\n'}
[0.665594] (robprakt_interfaces) StdoutLine: {'line': b'-- Up-to-date: /home/rob/praktikum_ws/install/robprakt_interfaces/share/robprakt_interfaces/cmake/ament_cmake_export_dependencies-extras.cmake\n'}
[0.665833] (robprakt_interfaces) StdoutLine: {'line': b'-- Up-to-date: /home/rob/praktikum_ws/install/robprakt_interfaces/share/robprakt_interfaces/cmake/ament_cmake_export_libraries-extras.cmake\n'}
[0.666065] (robprakt_interfaces) StdoutLine: {'line': b'-- Up-to-date: /home/rob/praktikum_ws/install/robprakt_interfaces/share/robprakt_interfaces/cmake/ament_cmake_export_targets-extras.cmake\n'}
[0.666312] (robprakt_interfaces) StdoutLine: {'line': b'-- Up-to-date: /home/rob/praktikum_ws/install/robprakt_interfaces/share/robprakt_interfaces/cmake/ament_cmake_export_include_directories-extras.cmake\n'}
[0.666580] (robprakt_interfaces) StdoutLine: {'line': b'-- Up-to-date: /home/rob/praktikum_ws/install/robprakt_interfaces/share/robprakt_interfaces/cmake/rosidl_cmake_export_typesupport_libraries-extras.cmake\n'}
[0.666856] (robprakt_interfaces) StdoutLine: {'line': b'-- Up-to-date: /home/rob/praktikum_ws/install/robprakt_interfaces/share/robprakt_interfaces/cmake/rosidl_cmake_export_typesupport_targets-extras.cmake\n'}
[0.667129] (robprakt_interfaces) StdoutLine: {'line': b'-- Up-to-date: /home/rob/praktikum_ws/install/robprakt_interfaces/share/robprakt_interfaces/cmake/robprakt_interfacesConfig.cmake\n'}
[0.667328] (robprakt_interfaces) StdoutLine: {'line': b'-- Up-to-date: /home/rob/praktikum_ws/install/robprakt_interfaces/share/robprakt_interfaces/cmake/robprakt_interfacesConfig-version.cmake\n'}
[0.667573] (robprakt_interfaces) StdoutLine: {'line': b'-- Up-to-date: /home/rob/praktikum_ws/install/robprakt_interfaces/share/robprakt_interfaces/package.xml\n'}
[0.670811] (robprakt_interfaces) CommandEnded: {'returncode': 0}
[0.714998] (-) TimerEvent: {}
[0.785088] (robprakt_interfaces) JobEnded: {'identifier': 'robprakt_interfaces', 'rc': 0}
[0.785868] (pymoveit2) JobStarted: {'identifier': 'pymoveit2'}
[0.803275] (pymoveit2) JobProgress: {'identifier': 'pymoveit2', 'progress': 'cmake'}
[0.803580] (pymoveit2) Command: {'cmd': ['/usr/bin/cmake', '/home/rob/praktikum_ws/src/pymoveit2', '-DCMAKE_INSTALL_PREFIX=/home/rob/praktikum_ws/install/pymoveit2'], 'cwd': '/home/rob/praktikum_ws/build/pymoveit2', 'env': OrderedDict([('LESSOPEN', '| /usr/bin/lesspipe %s'), ('USER', 'rob'), ('LC_TIME', 'en_US.UTF-8'), ('SSH_AGENT_PID', '1196'), ('XDG_SESSION_TYPE', 'x11'), ('SHLVL', '1'), ('LD_LIBRARY_PATH', '/opt/ros/galactic/opt/yaml_cpp_vendor/lib:/opt/ros/galactic/opt/rviz_ogre_vendor/lib:/opt/ros/galactic/lib/x86_64-linux-gnu:/opt/ros/galactic/lib'), ('HOME', '/home/rob'), ('OLDPWD', '/home/rob'), ('DESKTOP_SESSION', 'ubuntu'), ('ROS_PYTHON_VERSION', '3'), ('GNOME_SHELL_SESSION_MODE', 'ubuntu'), ('GTK_MODULES', 'gail:atk-bridge'), ('LC_MONETARY', 'en_US.UTF-8'), ('MANAGERPID', '963'), ('DBUS_SESSION_BUS_ADDRESS', 'unix:path=/run/user/1000/bus'), ('COLORTERM', 'truecolor'), ('IM_CONFIG_PHASE', '1'), ('COLCON_PREFIX_PATH', '/home/rob/ws_pymoveit2/install'), ('ROS_DISTRO', 'galactic'), ('LOGNAME', 'rob'), ('JOURNAL_STREAM', '8:31242'), ('_', '/usr/bin/colcon'), ('ROS_VERSION', '2'), ('XDG_SESSION_CLASS', 'user'), ('USERNAME', 'rob'), ('TERM', 'xterm-256color'), ('GNOME_DESKTOP_SESSION_ID', 'this-is-deprecated'), ('ROS_LOCALHOST_ONLY', '0'), ('WINDOWPATH', '2'), ('PATH', '/opt/ros/galactic/bin:/usr/local/sbin:/usr/local/bin:/usr/sbin:/usr/bin:/sbin:/bin:/usr/games:/usr/local/games:/snap/bin'), ('SESSION_MANAGER', 'local/rob-VirtualBox:@/tmp/.ICE-unix/1234,unix/rob-VirtualBox:/tmp/.ICE-unix/1234'), ('INVOCATION_ID', 'fd3bd5b63f9f4c73a3628a270c5d95d8'), ('PAPERSIZE', 'letter'), ('XDG_MENU_PREFIX', 'gnome-'), ('LC_ADDRESS', 'en_US.UTF-8'), ('GNOME_TERMINAL_SCREEN', '/org/gnome/Terminal/screen/2fb77e07_c358_4ac4_81a8_79d77be095bd'), ('XDG_RUNTIME_DIR', '/run/user/1000'), ('DISPLAY', ':0'), ('LANG', 'en_US.UTF-8'), ('XDG_CURRENT_DESKTOP', 'ubuntu:GNOME'), ('LC_TELEPHONE', 'en_US.UTF-8'), ('XMODIFIERS', '@im=ibus'), ('XDG_SESSION_DESKTOP', 'ubuntu'), ('XAUTHORITY', '/run/user/1000/gdm/Xauthority'), ('LS_COLORS', 'rs=0:di=01;34:ln=01;36:mh=00:pi=40;33:so=01;35:do=01;35:bd=40;33;01:cd=40;33;01:or=40;31;01:mi=00:su=37;41:sg=30;43:ca=30;41:tw=30;42:ow=34;42:st=37;44:ex=01;32:*.tar=01;31:*.tgz=01;31:*.arc=01;31:*.arj=01;31:*.taz=01;31:*.lha=01;31:*.lz4=01;31:*.lzh=01;31:*.lzma=01;31:*.tlz=01;31:*.txz=01;31:*.tzo=01;31:*.t7z=01;31:*.zip=01;31:*.z=01;31:*.dz=01;31:*.gz=01;31:*.lrz=01;31:*.lz=01;31:*.lzo=01;31:*.xz=01;31:*.zst=01;31:*.tzst=01;31:*.bz2=01;31:*.bz=01;31:*.tbz=01;31:*.tbz2=01;31:*.tz=01;31:*.deb=01;31:*.rpm=01;31:*.jar=01;31:*.war=01;31:*.ear=01;31:*.sar=01;31:*.rar=01;31:*.alz=01;31:*.ace=01;31:*.zoo=01;31:*.cpio=01;31:*.7z=01;31:*.rz=01;31:*.cab=01;31:*.wim=01;31:*.swm=01;31:*.dwm=01;31:*.esd=01;31:*.jpg=01;35:*.jpeg=01;35:*.mjpg=01;35:*.mjpeg=01;35:*.gif=01;35:*.bmp=01;35:*.pbm=01;35:*.pgm=01;35:*.ppm=01;35:*.tga=01;35:*.xbm=01;35:*.xpm=01;35:*.tif=01;35:*.tiff=01;35:*.png=01;35:*.svg=01;35:*.svgz=01;35:*.mng=01;35:*.pcx=01;35:*.mov=01;35:*.mpg=01;35:*.mpeg=01;35:*.m2v=01;35:*.mkv=01;35:*.webm=01;35:*.ogm=01;35:*.mp4=01;35:*.m4v=01;35:*.mp4v=01;35:*.vob=01;35:*.qt=01;35:*.nuv=01;35:*.wmv=01;35:*.asf=01;35:*.rm=01;35:*.rmvb=01;35:*.flc=01;35:*.avi=01;35:*.fli=01;35:*.flv=01;35:*.gl=01;35:*.dl=01;35:*.xcf=01;35:*.xwd=01;35:*.yuv=01;35:*.cgm=01;35:*.emf=01;35:*.ogv=01;35:*.ogx=01;35:*.aac=00;36:*.au=00;36:*.flac=00;36:*.m4a=00;36:*.mid=00;36:*.midi=00;36:*.mka=00;36:*.mp3=00;36:*.mpc=00;36:*.ogg=00;36:*.ra=00;36:*.wav=00;36:*.oga=00;36:*.opus=00;36:*.spx=00;36:*.xspf=00;36:'), ('GNOME_TERMINAL_SERVICE', ':1.76'), ('SSH_AUTH_SOCK', '/run/user/1000/keyring/ssh'), ('AMENT_PREFIX_PATH', '/home/rob/ws_pymoveit2/install:/opt/ros/galactic'), ('SHELL', '/bin/bash'), ('LC_NAME', 'en_US.UTF-8'), ('QT_ACCESSIBILITY', '1'), ('GDMSESSION', 'ubuntu'), ('LESSCLOSE', '/usr/bin/lesspipe %s %s'), ('LC_MEASUREMENT', 'en_US.UTF-8'), ('GPG_AGENT_INFO', '/run/user/1000/gnupg/S.gpg-agent:0:1'), ('LC_IDENTIFICATION', 'en_US.UTF-8'), ('QT_IM_MODULE', 'ibus'), ('PWD', '/home/rob/praktikum_ws/build/pymoveit2'), ('LC_ALL', 'en_US.UTF-8'), ('XDG_CONFIG_DIRS', '/etc/xdg/xdg-ubuntu:/etc/xdg'), ('XDG_DATA_DIRS', '/usr/share/ubuntu:/usr/local/share/:/usr/share/:/var/lib/snapd/desktop'), ('PYTHONPATH', '/home/rob/ws_pymoveit2/install/lib/python3.8/site-packages:/opt/ros/galactic/lib/python3.8/site-packages'), ('LC_NUMERIC', 'en_US.UTF-8'), ('LC_PAPER', 'en_US.UTF-8'), ('COLCON', '1'), ('VTE_VERSION', '6003'), ('CMAKE_PREFIX_PATH', '/home/rob/ws_pymoveit2/install:/opt/ros/galactic')]), 'shell': False}
[0.818565] (-) TimerEvent: {}
[0.896085] (pymoveit2) StdoutLine: {'line': b'-- The C compiler identification is GNU 9.4.0\n'}
[0.928727] (-) TimerEvent: {}
[0.972997] (pymoveit2) StdoutLine: {'line': b'-- The CXX compiler identification is GNU 9.4.0\n'}
[0.980193] (pymoveit2) StdoutLine: {'line': b'-- Check for working C compiler: /usr/bin/cc\n'}
[1.039261] (-) TimerEvent: {}
[1.058248] (pymoveit2) StdoutLine: {'line': b'-- Check for working C compiler: /usr/bin/cc -- works\n'}
[1.059769] (pymoveit2) StdoutLine: {'line': b'-- Detecting C compiler ABI info\n'}
[1.138400] (pymoveit2) StdoutLine: {'line': b'-- Detecting C compiler ABI info - done\n'}
[1.151100] (-) TimerEvent: {}
[1.161830] (pymoveit2) StdoutLine: {'line': b'-- Detecting C compile features\n'}
[1.162612] (pymoveit2) StdoutLine: {'line': b'-- Detecting C compile features - done\n'}
[1.166736] (pymoveit2) StdoutLine: {'line': b'-- Check for working CXX compiler: /usr/bin/c++\n'}
[1.259658] (-) TimerEvent: {}
[1.277958] (pymoveit2) StdoutLine: {'line': b'-- Check for working CXX compiler: /usr/bin/c++ -- works\n'}
[1.279595] (pymoveit2) StdoutLine: {'line': b'-- Detecting CXX compiler ABI info\n'}
[1.366826] (-) TimerEvent: {}
[1.371844] (pymoveit2) StdoutLine: {'line': b'-- Detecting CXX compiler ABI info - done\n'}
[1.396950] (pymoveit2) StdoutLine: {'line': b'-- Detecting CXX compile features\n'}
[1.398065] (pymoveit2) StdoutLine: {'line': b'-- Detecting CXX compile features - done\n'}
[1.401913] (pymoveit2) StdoutLine: {'line': b'-- Found ament_cmake: 1.1.5 (/opt/ros/galactic/share/ament_cmake/cmake)\n'}
[1.435087] (pymoveit2) StdoutLine: {'line': b'-- Found PythonInterp: /usr/bin/python3 (found suitable version "3.8.10", minimum required is "3") \n'}
[1.435456] (pymoveit2) StdoutLine: {'line': b'-- Using PYTHON_EXECUTABLE: /usr/bin/python3\n'}
[1.471960] (-) TimerEvent: {}
[1.574737] (-) TimerEvent: {}
[1.687307] (-) TimerEvent: {}
[1.750567] (pymoveit2) StdoutLine: {'line': b'-- Configuring done\n'}
[1.754577] (pymoveit2) StdoutLine: {'line': b'-- Generating done\n'}
[1.756641] (pymoveit2) StdoutLine: {'line': b'-- Build files have been written to: /home/rob/praktikum_ws/build/pymoveit2\n'}
[1.761798] (pymoveit2) CommandEnded: {'returncode': 0}
[1.762985] (pymoveit2) JobProgress: {'identifier': 'pymoveit2', 'progress': 'build'}
[1.763042] (pymoveit2) Command: {'cmd': ['/usr/bin/cmake', '--build', '/home/rob/praktikum_ws/build/pymoveit2', '--', '-j1', '-l1'], 'cwd': '/home/rob/praktikum_ws/build/pymoveit2', 'env': OrderedDict([('LESSOPEN', '| /usr/bin/lesspipe %s'), ('USER', 'rob'), ('LC_TIME', 'en_US.UTF-8'), ('SSH_AGENT_PID', '1196'), ('XDG_SESSION_TYPE', 'x11'), ('SHLVL', '1'), ('LD_LIBRARY_PATH', '/opt/ros/galactic/opt/yaml_cpp_vendor/lib:/opt/ros/galactic/opt/rviz_ogre_vendor/lib:/opt/ros/galactic/lib/x86_64-linux-gnu:/opt/ros/galactic/lib'), ('HOME', '/home/rob'), ('OLDPWD', '/home/rob'), ('DESKTOP_SESSION', 'ubuntu'), ('ROS_PYTHON_VERSION', '3'), ('GNOME_SHELL_SESSION_MODE', 'ubuntu'), ('GTK_MODULES', 'gail:atk-bridge'), ('LC_MONETARY', 'en_US.UTF-8'), ('MANAGERPID', '963'), ('DBUS_SESSION_BUS_ADDRESS', 'unix:path=/run/user/1000/bus'), ('COLORTERM', 'truecolor'), ('IM_CONFIG_PHASE', '1'), ('COLCON_PREFIX_PATH', '/home/rob/ws_pymoveit2/install'), ('ROS_DISTRO', 'galactic'), ('LOGNAME', 'rob'), ('JOURNAL_STREAM', '8:31242'), ('_', '/usr/bin/colcon'), ('ROS_VERSION', '2'), ('XDG_SESSION_CLASS', 'user'), ('USERNAME', 'rob'), ('TERM', 'xterm-256color'), ('GNOME_DESKTOP_SESSION_ID', 'this-is-deprecated'), ('ROS_LOCALHOST_ONLY', '0'), ('WINDOWPATH', '2'), ('PATH', '/opt/ros/galactic/bin:/usr/local/sbin:/usr/local/bin:/usr/sbin:/usr/bin:/sbin:/bin:/usr/games:/usr/local/games:/snap/bin'), ('SESSION_MANAGER', 'local/rob-VirtualBox:@/tmp/.ICE-unix/1234,unix/rob-VirtualBox:/tmp/.ICE-unix/1234'), ('INVOCATION_ID', 'fd3bd5b63f9f4c73a3628a270c5d95d8'), ('PAPERSIZE', 'letter'), ('XDG_MENU_PREFIX', 'gnome-'), ('LC_ADDRESS', 'en_US.UTF-8'), ('GNOME_TERMINAL_SCREEN', '/org/gnome/Terminal/screen/2fb77e07_c358_4ac4_81a8_79d77be095bd'), ('XDG_RUNTIME_DIR', '/run/user/1000'), ('DISPLAY', ':0'), ('LANG', 'en_US.UTF-8'), ('XDG_CURRENT_DESKTOP', 'ubuntu:GNOME'), ('LC_TELEPHONE', 'en_US.UTF-8'), ('XMODIFIERS', '@im=ibus'), ('XDG_SESSION_DESKTOP', 'ubuntu'), ('XAUTHORITY', '/run/user/1000/gdm/Xauthority'), ('LS_COLORS', 'rs=0:di=01;34:ln=01;36:mh=00:pi=40;33:so=01;35:do=01;35:bd=40;33;01:cd=40;33;01:or=40;31;01:mi=00:su=37;41:sg=30;43:ca=30;41:tw=30;42:ow=34;42:st=37;44:ex=01;32:*.tar=01;31:*.tgz=01;31:*.arc=01;31:*.arj=01;31:*.taz=01;31:*.lha=01;31:*.lz4=01;31:*.lzh=01;31:*.lzma=01;31:*.tlz=01;31:*.txz=01;31:*.tzo=01;31:*.t7z=01;31:*.zip=01;31:*.z=01;31:*.dz=01;31:*.gz=01;31:*.lrz=01;31:*.lz=01;31:*.lzo=01;31:*.xz=01;31:*.zst=01;31:*.tzst=01;31:*.bz2=01;31:*.bz=01;31:*.tbz=01;31:*.tbz2=01;31:*.tz=01;31:*.deb=01;31:*.rpm=01;31:*.jar=01;31:*.war=01;31:*.ear=01;31:*.sar=01;31:*.rar=01;31:*.alz=01;31:*.ace=01;31:*.zoo=01;31:*.cpio=01;31:*.7z=01;31:*.rz=01;31:*.cab=01;31:*.wim=01;31:*.swm=01;31:*.dwm=01;31:*.esd=01;31:*.jpg=01;35:*.jpeg=01;35:*.mjpg=01;35:*.mjpeg=01;35:*.gif=01;35:*.bmp=01;35:*.pbm=01;35:*.pgm=01;35:*.ppm=01;35:*.tga=01;35:*.xbm=01;35:*.xpm=01;35:*.tif=01;35:*.tiff=01;35:*.png=01;35:*.svg=01;35:*.svgz=01;35:*.mng=01;35:*.pcx=01;35:*.mov=01;35:*.mpg=01;35:*.mpeg=01;35:*.m2v=01;35:*.mkv=01;35:*.webm=01;35:*.ogm=01;35:*.mp4=01;35:*.m4v=01;35:*.mp4v=01;35:*.vob=01;35:*.qt=01;35:*.nuv=01;35:*.wmv=01;35:*.asf=01;35:*.rm=01;35:*.rmvb=01;35:*.flc=01;35:*.avi=01;35:*.fli=01;35:*.flv=01;35:*.gl=01;35:*.dl=01;35:*.xcf=01;35:*.xwd=01;35:*.yuv=01;35:*.cgm=01;35:*.emf=01;35:*.ogv=01;35:*.ogx=01;35:*.aac=00;36:*.au=00;36:*.flac=00;36:*.m4a=00;36:*.mid=00;36:*.midi=00;36:*.mka=00;36:*.mp3=00;36:*.mpc=00;36:*.ogg=00;36:*.ra=00;36:*.wav=00;36:*.oga=00;36:*.opus=00;36:*.spx=00;36:*.xspf=00;36:'), ('GNOME_TERMINAL_SERVICE', ':1.76'), ('SSH_AUTH_SOCK', '/run/user/1000/keyring/ssh'), ('AMENT_PREFIX_PATH', '/home/rob/ws_pymoveit2/install:/opt/ros/galactic'), ('SHELL', '/bin/bash'), ('LC_NAME', 'en_US.UTF-8'), ('QT_ACCESSIBILITY', '1'), ('GDMSESSION', 'ubuntu'), ('LESSCLOSE', '/usr/bin/lesspipe %s %s'), ('LC_MEASUREMENT', 'en_US.UTF-8'), ('GPG_AGENT_INFO', '/run/user/1000/gnupg/S.gpg-agent:0:1'), ('LC_IDENTIFICATION', 'en_US.UTF-8'), ('QT_IM_MODULE', 'ibus'), ('PWD', '/home/rob/praktikum_ws/build/pymoveit2'), ('LC_ALL', 'en_US.UTF-8'), ('XDG_CONFIG_DIRS', '/etc/xdg/xdg-ubuntu:/etc/xdg'), ('XDG_DATA_DIRS', '/usr/share/ubuntu:/usr/local/share/:/usr/share/:/var/lib/snapd/desktop'), ('PYTHONPATH', '/home/rob/ws_pymoveit2/install/lib/python3.8/site-packages:/opt/ros/galactic/lib/python3.8/site-packages'), ('LC_NUMERIC', 'en_US.UTF-8'), ('LC_PAPER', 'en_US.UTF-8'), ('COLCON', '1'), ('VTE_VERSION', '6003'), ('CMAKE_PREFIX_PATH', '/home/rob/ws_pymoveit2/install:/opt/ros/galactic')]), 'shell': False}
[1.794325] (-) TimerEvent: {}
[1.803137] (pymoveit2) StdoutLine: {'line': b'\x1b[35m\x1b[1mScanning dependencies of target ament_cmake_python_copy_pymoveit2\x1b[0m\n'}
[1.822081] (pymoveit2) StdoutLine: {'line': b'Built target ament_cmake_python_copy_pymoveit2\n'}
[1.832927] (pymoveit2) StdoutLine: {'line': b'\x1b[35m\x1b[1mScanning dependencies of target ament_cmake_python_build_pymoveit2_egg\x1b[0m\n'}
[1.895074] (-) TimerEvent: {}
[2.008116] (-) TimerEvent: {}
[2.108448] (-) TimerEvent: {}
[2.173053] (pymoveit2) StdoutLine: {'line': b'running egg_info\n'}
[2.175858] (pymoveit2) StdoutLine: {'line': b'creating pymoveit2.egg-info\n'}
[2.176350] (pymoveit2) StdoutLine: {'line': b'writing pymoveit2.egg-info/PKG-INFO\n'}
[2.176707] (pymoveit2) StdoutLine: {'line': b'writing dependency_links to pymoveit2.egg-info/dependency_links.txt\n'}
[2.177056] (pymoveit2) StdoutLine: {'line': b'writing top-level names to pymoveit2.egg-info/top_level.txt\n'}
[2.178627] (pymoveit2) StdoutLine: {'line': b"writing manifest file 'pymoveit2.egg-info/SOURCES.txt'\n"}
[2.208582] (-) TimerEvent: {}
[2.245888] (pymoveit2) StdoutLine: {'line': b"reading manifest file 'pymoveit2.egg-info/SOURCES.txt'\n"}
[2.246992] (pymoveit2) StdoutLine: {'line': b"writing manifest file 'pymoveit2.egg-info/SOURCES.txt'\n"}
[2.273650] (pymoveit2) StdoutLine: {'line': b'Built target ament_cmake_python_build_pymoveit2_egg\n'}
[2.285250] (pymoveit2) CommandEnded: {'returncode': 0}
[2.309983] (pymoveit2) JobProgress: {'identifier': 'pymoveit2', 'progress': 'install'}
[2.310164] (-) TimerEvent: {}
[2.310515] (pymoveit2) Command: {'cmd': ['/usr/bin/cmake', '--install', '/home/rob/praktikum_ws/build/pymoveit2'], 'cwd': '/home/rob/praktikum_ws/build/pymoveit2', 'env': OrderedDict([('LESSOPEN', '| /usr/bin/lesspipe %s'), ('USER', 'rob'), ('LC_TIME', 'en_US.UTF-8'), ('SSH_AGENT_PID', '1196'), ('XDG_SESSION_TYPE', 'x11'), ('SHLVL', '1'), ('LD_LIBRARY_PATH', '/opt/ros/galactic/opt/yaml_cpp_vendor/lib:/opt/ros/galactic/opt/rviz_ogre_vendor/lib:/opt/ros/galactic/lib/x86_64-linux-gnu:/opt/ros/galactic/lib'), ('HOME', '/home/rob'), ('OLDPWD', '/home/rob'), ('DESKTOP_SESSION', 'ubuntu'), ('ROS_PYTHON_VERSION', '3'), ('GNOME_SHELL_SESSION_MODE', 'ubuntu'), ('GTK_MODULES', 'gail:atk-bridge'), ('LC_MONETARY', 'en_US.UTF-8'), ('MANAGERPID', '963'), ('DBUS_SESSION_BUS_ADDRESS', 'unix:path=/run/user/1000/bus'), ('COLORTERM', 'truecolor'), ('IM_CONFIG_PHASE', '1'), ('COLCON_PREFIX_PATH', '/home/rob/ws_pymoveit2/install'), ('ROS_DISTRO', 'galactic'), ('LOGNAME', 'rob'), ('JOURNAL_STREAM', '8:31242'), ('_', '/usr/bin/colcon'), ('ROS_VERSION', '2'), ('XDG_SESSION_CLASS', 'user'), ('USERNAME', 'rob'), ('TERM', 'xterm-256color'), ('GNOME_DESKTOP_SESSION_ID', 'this-is-deprecated'), ('ROS_LOCALHOST_ONLY', '0'), ('WINDOWPATH', '2'), ('PATH', '/opt/ros/galactic/bin:/usr/local/sbin:/usr/local/bin:/usr/sbin:/usr/bin:/sbin:/bin:/usr/games:/usr/local/games:/snap/bin'), ('SESSION_MANAGER', 'local/rob-VirtualBox:@/tmp/.ICE-unix/1234,unix/rob-VirtualBox:/tmp/.ICE-unix/1234'), ('INVOCATION_ID', 'fd3bd5b63f9f4c73a3628a270c5d95d8'), ('PAPERSIZE', 'letter'), ('XDG_MENU_PREFIX', 'gnome-'), ('LC_ADDRESS', 'en_US.UTF-8'), ('GNOME_TERMINAL_SCREEN', '/org/gnome/Terminal/screen/2fb77e07_c358_4ac4_81a8_79d77be095bd'), ('XDG_RUNTIME_DIR', '/run/user/1000'), ('DISPLAY', ':0'), ('LANG', 'en_US.UTF-8'), ('XDG_CURRENT_DESKTOP', 'ubuntu:GNOME'), ('LC_TELEPHONE', 'en_US.UTF-8'), ('XMODIFIERS', '@im=ibus'), ('XDG_SESSION_DESKTOP', 'ubuntu'), ('XAUTHORITY', '/run/user/1000/gdm/Xauthority'), ('LS_COLORS', 'rs=0:di=01;34:ln=01;36:mh=00:pi=40;33:so=01;35:do=01;35:bd=40;33;01:cd=40;33;01:or=40;31;01:mi=00:su=37;41:sg=30;43:ca=30;41:tw=30;42:ow=34;42:st=37;44:ex=01;32:*.tar=01;31:*.tgz=01;31:*.arc=01;31:*.arj=01;31:*.taz=01;31:*.lha=01;31:*.lz4=01;31:*.lzh=01;31:*.lzma=01;31:*.tlz=01;31:*.txz=01;31:*.tzo=01;31:*.t7z=01;31:*.zip=01;31:*.z=01;31:*.dz=01;31:*.gz=01;31:*.lrz=01;31:*.lz=01;31:*.lzo=01;31:*.xz=01;31:*.zst=01;31:*.tzst=01;31:*.bz2=01;31:*.bz=01;31:*.tbz=01;31:*.tbz2=01;31:*.tz=01;31:*.deb=01;31:*.rpm=01;31:*.jar=01;31:*.war=01;31:*.ear=01;31:*.sar=01;31:*.rar=01;31:*.alz=01;31:*.ace=01;31:*.zoo=01;31:*.cpio=01;31:*.7z=01;31:*.rz=01;31:*.cab=01;31:*.wim=01;31:*.swm=01;31:*.dwm=01;31:*.esd=01;31:*.jpg=01;35:*.jpeg=01;35:*.mjpg=01;35:*.mjpeg=01;35:*.gif=01;35:*.bmp=01;35:*.pbm=01;35:*.pgm=01;35:*.ppm=01;35:*.tga=01;35:*.xbm=01;35:*.xpm=01;35:*.tif=01;35:*.tiff=01;35:*.png=01;35:*.svg=01;35:*.svgz=01;35:*.mng=01;35:*.pcx=01;35:*.mov=01;35:*.mpg=01;35:*.mpeg=01;35:*.m2v=01;35:*.mkv=01;35:*.webm=01;35:*.ogm=01;35:*.mp4=01;35:*.m4v=01;35:*.mp4v=01;35:*.vob=01;35:*.qt=01;35:*.nuv=01;35:*.wmv=01;35:*.asf=01;35:*.rm=01;35:*.rmvb=01;35:*.flc=01;35:*.avi=01;35:*.fli=01;35:*.flv=01;35:*.gl=01;35:*.dl=01;35:*.xcf=01;35:*.xwd=01;35:*.yuv=01;35:*.cgm=01;35:*.emf=01;35:*.ogv=01;35:*.ogx=01;35:*.aac=00;36:*.au=00;36:*.flac=00;36:*.m4a=00;36:*.mid=00;36:*.midi=00;36:*.mka=00;36:*.mp3=00;36:*.mpc=00;36:*.ogg=00;36:*.ra=00;36:*.wav=00;36:*.oga=00;36:*.opus=00;36:*.spx=00;36:*.xspf=00;36:'), ('GNOME_TERMINAL_SERVICE', ':1.76'), ('SSH_AUTH_SOCK', '/run/user/1000/keyring/ssh'), ('AMENT_PREFIX_PATH', '/home/rob/ws_pymoveit2/install:/opt/ros/galactic'), ('SHELL', '/bin/bash'), ('LC_NAME', 'en_US.UTF-8'), ('QT_ACCESSIBILITY', '1'), ('GDMSESSION', 'ubuntu'), ('LESSCLOSE', '/usr/bin/lesspipe %s %s'), ('LC_MEASUREMENT', 'en_US.UTF-8'), ('GPG_AGENT_INFO', '/run/user/1000/gnupg/S.gpg-agent:0:1'), ('LC_IDENTIFICATION', 'en_US.UTF-8'), ('QT_IM_MODULE', 'ibus'), ('PWD', '/home/rob/praktikum_ws/build/pymoveit2'), ('LC_ALL', 'en_US.UTF-8'), ('XDG_CONFIG_DIRS', '/etc/xdg/xdg-ubuntu:/etc/xdg'), ('XDG_DATA_DIRS', '/usr/share/ubuntu:/usr/local/share/:/usr/share/:/var/lib/snapd/desktop'), ('PYTHONPATH', '/home/rob/ws_pymoveit2/install/lib/python3.8/site-packages:/opt/ros/galactic/lib/python3.8/site-packages'), ('LC_NUMERIC', 'en_US.UTF-8'), ('LC_PAPER', 'en_US.UTF-8'), ('COLCON', '1'), ('VTE_VERSION', '6003'), ('CMAKE_PREFIX_PATH', '/home/rob/ws_pymoveit2/install:/opt/ros/galactic')]), 'shell': False}
[2.321286] (pymoveit2) StdoutLine: {'line': b'-- Install configuration: ""\n'}
[2.321744] (pymoveit2) StdoutLine: {'line': b'-- Installing: /home/rob/praktikum_ws/install/pymoveit2/share/pymoveit2/environment/pythonpath.sh\n'}
[2.322103] (pymoveit2) StdoutLine: {'line': b'-- Installing: /home/rob/praktikum_ws/install/pymoveit2/share/pymoveit2/environment/pythonpath.dsv\n'}
[2.322424] (pymoveit2) StdoutLine: {'line': b'-- Installing: /home/rob/praktikum_ws/install/pymoveit2/lib/python3.8/site-packages//pymoveit2.egg-info\n'}
[2.322732] (pymoveit2) StdoutLine: {'line': b'-- Installing: /home/rob/praktikum_ws/install/pymoveit2/lib/python3.8/site-packages//pymoveit2.egg-info/SOURCES.txt\n'}
[2.322999] (pymoveit2) StdoutLine: {'line': b'-- Installing: /home/rob/praktikum_ws/install/pymoveit2/lib/python3.8/site-packages//pymoveit2.egg-info/dependency_links.txt\n'}
[2.323258] (pymoveit2) StdoutLine: {'line': b'-- Installing: /home/rob/praktikum_ws/install/pymoveit2/lib/python3.8/site-packages//pymoveit2.egg-info/top_level.txt\n'}
[2.323554] (pymoveit2) StdoutLine: {'line': b'-- Installing: /home/rob/praktikum_ws/install/pymoveit2/lib/python3.8/site-packages//pymoveit2.egg-info/PKG-INFO\n'}
[2.323924] (pymoveit2) StdoutLine: {'line': b'-- Installing: /home/rob/praktikum_ws/install/pymoveit2/lib/python3.8/site-packages/pymoveit2\n'}
[2.324164] (pymoveit2) StdoutLine: {'line': b'-- Installing: /home/rob/praktikum_ws/install/pymoveit2/lib/python3.8/site-packages/pymoveit2/__init__.py\n'}
[2.324424] (pymoveit2) StdoutLine: {'line': b'-- Installing: /home/rob/praktikum_ws/install/pymoveit2/lib/python3.8/site-packages/pymoveit2/robots\n'}
[2.324663] (pymoveit2) StdoutLine: {'line': b'-- Installing: /home/rob/praktikum_ws/install/pymoveit2/lib/python3.8/site-packages/pymoveit2/robots/ur5e.py\n'}
[2.324923] (pymoveit2) StdoutLine: {'line': b'-- Installing: /home/rob/praktikum_ws/install/pymoveit2/lib/python3.8/site-packages/pymoveit2/robots/__init__.py\n'}
[2.325182] (pymoveit2) StdoutLine: {'line': b'-- Installing: /home/rob/praktikum_ws/install/pymoveit2/lib/python3.8/site-packages/pymoveit2/robots/panda.py\n'}
[2.325469] (pymoveit2) StdoutLine: {'line': b'-- Installing: /home/rob/praktikum_ws/install/pymoveit2/lib/python3.8/site-packages/pymoveit2/gripper_command.py\n'}
[2.325747] (pymoveit2) StdoutLine: {'line': b'-- Installing: /home/rob/praktikum_ws/install/pymoveit2/lib/python3.8/site-packages/pymoveit2/moveit2_servo.py\n'}
[2.326013] (pymoveit2) StdoutLine: {'line': b'-- Installing: /home/rob/praktikum_ws/install/pymoveit2/lib/python3.8/site-packages/pymoveit2/moveit2.py\n'}
[2.326329] (pymoveit2) StdoutLine: {'line': b'-- Installing: /home/rob/praktikum_ws/install/pymoveit2/lib/python3.8/site-packages/pymoveit2/moveit2_gripper.py\n'}
[2.380068] (pymoveit2) StdoutLine: {'line': b"Listing '/home/rob/praktikum_ws/install/pymoveit2/lib/python3.8/site-packages/pymoveit2'...\n"}
[2.380391] (pymoveit2) StdoutLine: {'line': b"Compiling '/home/rob/praktikum_ws/install/pymoveit2/lib/python3.8/site-packages/pymoveit2/__init__.py'...\n"}
[2.380506] (pymoveit2) StdoutLine: {'line': b"Compiling '/home/rob/praktikum_ws/install/pymoveit2/lib/python3.8/site-packages/pymoveit2/gripper_command.py'...\n"}
[2.380612] (pymoveit2) StdoutLine: {'line': b"Compiling '/home/rob/praktikum_ws/install/pymoveit2/lib/python3.8/site-packages/pymoveit2/moveit2.py'...\n"}
[2.380726] (pymoveit2) StdoutLine: {'line': b"Compiling '/home/rob/praktikum_ws/install/pymoveit2/lib/python3.8/site-packages/pymoveit2/moveit2_gripper.py'...\n"}
[2.380832] (pymoveit2) StdoutLine: {'line': b"Compiling '/home/rob/praktikum_ws/install/pymoveit2/lib/python3.8/site-packages/pymoveit2/moveit2_servo.py'...\n"}
[2.380933] (pymoveit2) StdoutLine: {'line': b"Listing '/home/rob/praktikum_ws/install/pymoveit2/lib/python3.8/site-packages/pymoveit2/robots'...\n"}
[2.381044] (pymoveit2) StdoutLine: {'line': b"Compiling '/home/rob/praktikum_ws/install/pymoveit2/lib/python3.8/site-packages/pymoveit2/robots/__init__.py'...\n"}
[2.381145] (pymoveit2) StdoutLine: {'line': b"Compiling '/home/rob/praktikum_ws/install/pymoveit2/lib/python3.8/site-packages/pymoveit2/robots/panda.py'...\n"}
[2.381245] (pymoveit2) StdoutLine: {'line': b"Compiling '/home/rob/praktikum_ws/install/pymoveit2/lib/python3.8/site-packages/pymoveit2/robots/ur5e.py'...\n"}
[2.386798] (pymoveit2) StdoutLine: {'line': b'-- Installing: /home/rob/praktikum_ws/install/pymoveit2/lib/pymoveit2/ex_collision_object_ur.py\n'}
[2.387105] (pymoveit2) StdoutLine: {'line': b'-- Installing: /home/rob/praktikum_ws/install/pymoveit2/lib/pymoveit2/ex_joint_goal_ur.py\n'}
[2.387411] (pymoveit2) StdoutLine: {'line': b'-- Installing: /home/rob/praktikum_ws/install/pymoveit2/lib/pymoveit2/ex_pose_goal_ur.py\n'}
[2.387675] (pymoveit2) StdoutLine: {'line': b'-- Installing: /home/rob/praktikum_ws/install/pymoveit2/lib/pymoveit2/ex_servo_ur.py\n'}
[2.388086] (pymoveit2) StdoutLine: {'line': b'-- Installing: /home/rob/praktikum_ws/install/pymoveit2/share/ament_index/resource_index/package_run_dependencies/pymoveit2\n'}
[2.388462] (pymoveit2) StdoutLine: {'line': b'-- Installing: /home/rob/praktikum_ws/install/pymoveit2/share/ament_index/resource_index/parent_prefix_path/pymoveit2\n'}
[2.388796] (pymoveit2) StdoutLine: {'line': b'-- Installing: /home/rob/praktikum_ws/install/pymoveit2/share/pymoveit2/environment/ament_prefix_path.sh\n'}
[2.389143] (pymoveit2) StdoutLine: {'line': b'-- Installing: /home/rob/praktikum_ws/install/pymoveit2/share/pymoveit2/environment/ament_prefix_path.dsv\n'}
[2.389468] (pymoveit2) StdoutLine: {'line': b'-- Installing: /home/rob/praktikum_ws/install/pymoveit2/share/pymoveit2/environment/path.sh\n'}
[2.389803] (pymoveit2) StdoutLine: {'line': b'-- Installing: /home/rob/praktikum_ws/install/pymoveit2/share/pymoveit2/environment/path.dsv\n'}
[2.390119] (pymoveit2) StdoutLine: {'line': b'-- Installing: /home/rob/praktikum_ws/install/pymoveit2/share/pymoveit2/local_setup.bash\n'}
[2.390457] (pymoveit2) StdoutLine: {'line': b'-- Installing: /home/rob/praktikum_ws/install/pymoveit2/share/pymoveit2/local_setup.sh\n'}
[2.390781] (pymoveit2) StdoutLine: {'line': b'-- Installing: /home/rob/praktikum_ws/install/pymoveit2/share/pymoveit2/local_setup.zsh\n'}
[2.391197] (pymoveit2) StdoutLine: {'line': b'-- Installing: /home/rob/praktikum_ws/install/pymoveit2/share/pymoveit2/local_setup.dsv\n'}
[2.391608] (pymoveit2) StdoutLine: {'line': b'-- Installing: /home/rob/praktikum_ws/install/pymoveit2/share/pymoveit2/package.dsv\n'}
[2.391994] (pymoveit2) StdoutLine: {'line': b'-- Installing: /home/rob/praktikum_ws/install/pymoveit2/share/ament_index/resource_index/packages/pymoveit2\n'}
[2.392376] (pymoveit2) StdoutLine: {'line': b'-- Installing: /home/rob/praktikum_ws/install/pymoveit2/share/pymoveit2/cmake/pymoveit2Config.cmake\n'}
[2.392652] (pymoveit2) StdoutLine: {'line': b'-- Installing: /home/rob/praktikum_ws/install/pymoveit2/share/pymoveit2/cmake/pymoveit2Config-version.cmake\n'}
[2.392974] (pymoveit2) StdoutLine: {'line': b'-- Installing: /home/rob/praktikum_ws/install/pymoveit2/share/pymoveit2/package.xml\n'}
[2.407364] (pymoveit2) CommandEnded: {'returncode': 0}
[2.412618] (-) TimerEvent: {}
[2.465863] (pymoveit2) JobEnded: {'identifier': 'pymoveit2', 'rc': 0}
[2.466575] (vrpn) JobStarted: {'identifier': 'vrpn'}
[2.508488] (vrpn) JobProgress: {'identifier': 'vrpn', 'progress': 'cmake'}
[2.510237] (vrpn) JobProgress: {'identifier': 'vrpn', 'progress': 'build'}
[2.510715] (vrpn) Command: {'cmd': ['/usr/bin/cmake', '--build', '/home/rob/praktikum_ws/build/vrpn', '--', '-j1', '-l1'], 'cwd': '/home/rob/praktikum_ws/build/vrpn', 'env': OrderedDict([('LESSOPEN', '| /usr/bin/lesspipe %s'), ('USER', 'rob'), ('LC_TIME', 'en_US.UTF-8'), ('SSH_AGENT_PID', '1196'), ('XDG_SESSION_TYPE', 'x11'), ('SHLVL', '1'), ('LD_LIBRARY_PATH', '/opt/ros/galactic/opt/yaml_cpp_vendor/lib:/opt/ros/galactic/opt/rviz_ogre_vendor/lib:/opt/ros/galactic/lib/x86_64-linux-gnu:/opt/ros/galactic/lib'), ('HOME', '/home/rob'), ('OLDPWD', '/home/rob'), ('DESKTOP_SESSION', 'ubuntu'), ('ROS_PYTHON_VERSION', '3'), ('GNOME_SHELL_SESSION_MODE', 'ubuntu'), ('GTK_MODULES', 'gail:atk-bridge'), ('LC_MONETARY', 'en_US.UTF-8'), ('MANAGERPID', '963'), ('DBUS_SESSION_BUS_ADDRESS', 'unix:path=/run/user/1000/bus'), ('COLORTERM', 'truecolor'), ('IM_CONFIG_PHASE', '1'), ('COLCON_PREFIX_PATH', '/home/rob/ws_pymoveit2/install'), ('ROS_DISTRO', 'galactic'), ('LOGNAME', 'rob'), ('JOURNAL_STREAM', '8:31242'), ('_', '/usr/bin/colcon'), ('ROS_VERSION', '2'), ('XDG_SESSION_CLASS', 'user'), ('USERNAME', 'rob'), ('TERM', 'xterm-256color'), ('GNOME_DESKTOP_SESSION_ID', 'this-is-deprecated'), ('ROS_LOCALHOST_ONLY', '0'), ('WINDOWPATH', '2'), ('PATH', '/opt/ros/galactic/bin:/usr/local/sbin:/usr/local/bin:/usr/sbin:/usr/bin:/sbin:/bin:/usr/games:/usr/local/games:/snap/bin'), ('SESSION_MANAGER', 'local/rob-VirtualBox:@/tmp/.ICE-unix/1234,unix/rob-VirtualBox:/tmp/.ICE-unix/1234'), ('INVOCATION_ID', 'fd3bd5b63f9f4c73a3628a270c5d95d8'), ('PAPERSIZE', 'letter'), ('XDG_MENU_PREFIX', 'gnome-'), ('LC_ADDRESS', 'en_US.UTF-8'), ('GNOME_TERMINAL_SCREEN', '/org/gnome/Terminal/screen/2fb77e07_c358_4ac4_81a8_79d77be095bd'), ('XDG_RUNTIME_DIR', '/run/user/1000'), ('DISPLAY', ':0'), ('LANG', 'en_US.UTF-8'), ('XDG_CURRENT_DESKTOP', 'ubuntu:GNOME'), ('LC_TELEPHONE', 'en_US.UTF-8'), ('XMODIFIERS', '@im=ibus'), ('XDG_SESSION_DESKTOP', 'ubuntu'), ('XAUTHORITY', '/run/user/1000/gdm/Xauthority'), ('LS_COLORS', 'rs=0:di=01;34:ln=01;36:mh=00:pi=40;33:so=01;35:do=01;35:bd=40;33;01:cd=40;33;01:or=40;31;01:mi=00:su=37;41:sg=30;43:ca=30;41:tw=30;42:ow=34;42:st=37;44:ex=01;32:*.tar=01;31:*.tgz=01;31:*.arc=01;31:*.arj=01;31:*.taz=01;31:*.lha=01;31:*.lz4=01;31:*.lzh=01;31:*.lzma=01;31:*.tlz=01;31:*.txz=01;31:*.tzo=01;31:*.t7z=01;31:*.zip=01;31:*.z=01;31:*.dz=01;31:*.gz=01;31:*.lrz=01;31:*.lz=01;31:*.lzo=01;31:*.xz=01;31:*.zst=01;31:*.tzst=01;31:*.bz2=01;31:*.bz=01;31:*.tbz=01;31:*.tbz2=01;31:*.tz=01;31:*.deb=01;31:*.rpm=01;31:*.jar=01;31:*.war=01;31:*.ear=01;31:*.sar=01;31:*.rar=01;31:*.alz=01;31:*.ace=01;31:*.zoo=01;31:*.cpio=01;31:*.7z=01;31:*.rz=01;31:*.cab=01;31:*.wim=01;31:*.swm=01;31:*.dwm=01;31:*.esd=01;31:*.jpg=01;35:*.jpeg=01;35:*.mjpg=01;35:*.mjpeg=01;35:*.gif=01;35:*.bmp=01;35:*.pbm=01;35:*.pgm=01;35:*.ppm=01;35:*.tga=01;35:*.xbm=01;35:*.xpm=01;35:*.tif=01;35:*.tiff=01;35:*.png=01;35:*.svg=01;35:*.svgz=01;35:*.mng=01;35:*.pcx=01;35:*.mov=01;35:*.mpg=01;35:*.mpeg=01;35:*.m2v=01;35:*.mkv=01;35:*.webm=01;35:*.ogm=01;35:*.mp4=01;35:*.m4v=01;35:*.mp4v=01;35:*.vob=01;35:*.qt=01;35:*.nuv=01;35:*.wmv=01;35:*.asf=01;35:*.rm=01;35:*.rmvb=01;35:*.flc=01;35:*.avi=01;35:*.fli=01;35:*.flv=01;35:*.gl=01;35:*.dl=01;35:*.xcf=01;35:*.xwd=01;35:*.yuv=01;35:*.cgm=01;35:*.emf=01;35:*.ogv=01;35:*.ogx=01;35:*.aac=00;36:*.au=00;36:*.flac=00;36:*.m4a=00;36:*.mid=00;36:*.midi=00;36:*.mka=00;36:*.mp3=00;36:*.mpc=00;36:*.ogg=00;36:*.ra=00;36:*.wav=00;36:*.oga=00;36:*.opus=00;36:*.spx=00;36:*.xspf=00;36:'), ('GNOME_TERMINAL_SERVICE', ':1.76'), ('SSH_AUTH_SOCK', '/run/user/1000/keyring/ssh'), ('AMENT_PREFIX_PATH', '/home/rob/ws_pymoveit2/install:/opt/ros/galactic'), ('SHELL', '/bin/bash'), ('LC_NAME', 'en_US.UTF-8'), ('QT_ACCESSIBILITY', '1'), ('GDMSESSION', 'ubuntu'), ('LESSCLOSE', '/usr/bin/lesspipe %s %s'), ('LC_MEASUREMENT', 'en_US.UTF-8'), ('GPG_AGENT_INFO', '/run/user/1000/gnupg/S.gpg-agent:0:1'), ('LC_IDENTIFICATION', 'en_US.UTF-8'), ('QT_IM_MODULE', 'ibus'), ('PWD', '/home/rob/praktikum_ws/build/vrpn'), ('LC_ALL', 'en_US.UTF-8'), ('XDG_CONFIG_DIRS', '/etc/xdg/xdg-ubuntu:/etc/xdg'), ('XDG_DATA_DIRS', '/usr/share/ubuntu:/usr/local/share/:/usr/share/:/var/lib/snapd/desktop'), ('PYTHONPATH', '/home/rob/ws_pymoveit2/install/lib/python3.8/site-packages:/opt/ros/galactic/lib/python3.8/site-packages'), ('LC_NUMERIC', 'en_US.UTF-8'), ('LC_PAPER', 'en_US.UTF-8'), ('COLCON', '1'), ('VTE_VERSION', '6003'), ('CMAKE_PREFIX_PATH', '/home/rob/ws_pymoveit2/install:/opt/ros/galactic')]), 'shell': False}
[2.519181] (-) TimerEvent: {}
[2.593709] (vrpn) StdoutLine: {'line': b'[  3%] Built target quat\n'}
[2.619287] (-) TimerEvent: {}
[2.620730] (vrpn) StdoutLine: {'line': b'[ 17%] Built target vrpn\n'}
[2.643329] (vrpn) StdoutLine: {'line': b'[ 19%] Built target gpsnmea\n'}
[2.668039] (vrpn) StdoutLine: {'line': b'[ 22%] Built target vrpn_atmel\n'}
[2.719810] (vrpn) StdoutLine: {'line': b'[ 85%] Built target vrpnserver\n'}
[2.719985] (-) TimerEvent: {}
[2.743155] (vrpn) StdoutLine: {'line': b'[ 86%] Built target c_interface_example\n'}
[2.767880] (vrpn) StdoutLine: {'line': b'[ 86%] Built target run_auxiliary_logger\n'}
[2.790842] (vrpn) StdoutLine: {'line': b'[ 87%] Built target vrpn_print_devices\n'}
[2.813187] (vrpn) StdoutLine: {'line': b'[ 88%] Built target vrpn_print_performance\n'}
[2.824387] (-) TimerEvent: {}
[2.835413] (vrpn) StdoutLine: {'line': b'[ 89%] Built target vrpn_print_messages\n'}
[2.858087] (vrpn) StdoutLine: {'line': b'[ 89%] Built target vrpn_average_analogs\n'}
[2.883120] (vrpn) StdoutLine: {'line': b'[ 90%] Built target vrpn_timecode_generator\n'}
[2.909542] (vrpn) StdoutLine: {'line': b'[ 91%] Built target vrpn_server\n'}
[2.931614] (vrpn) StdoutLine: {'line': b'[ 92%] Built target vrpn_streamPrint\n'}
[2.931793] (-) TimerEvent: {}
[2.974714] (vrpn) StdoutLine: {'line': b'[100%] Built target vrpn-python\n'}
[2.989284] (vrpn) CommandEnded: {'returncode': 0}
[3.033588] (-) TimerEvent: {}
[3.144557] (-) TimerEvent: {}
[3.258914] (-) TimerEvent: {}
[3.322588] (vrpn) JobProgress: {'identifier': 'vrpn', 'progress': 'install'}
[3.322786] (vrpn) Command: {'cmd': ['/usr/bin/cmake', '--install', '/home/rob/praktikum_ws/build/vrpn'], 'cwd': '/home/rob/praktikum_ws/build/vrpn', 'env': OrderedDict([('LESSOPEN', '| /usr/bin/lesspipe %s'), ('USER', 'rob'), ('LC_TIME', 'en_US.UTF-8'), ('SSH_AGENT_PID', '1196'), ('XDG_SESSION_TYPE', 'x11'), ('SHLVL', '1'), ('LD_LIBRARY_PATH', '/opt/ros/galactic/opt/yaml_cpp_vendor/lib:/opt/ros/galactic/opt/rviz_ogre_vendor/lib:/opt/ros/galactic/lib/x86_64-linux-gnu:/opt/ros/galactic/lib'), ('HOME', '/home/rob'), ('OLDPWD', '/home/rob'), ('DESKTOP_SESSION', 'ubuntu'), ('ROS_PYTHON_VERSION', '3'), ('GNOME_SHELL_SESSION_MODE', 'ubuntu'), ('GTK_MODULES', 'gail:atk-bridge'), ('LC_MONETARY', 'en_US.UTF-8'), ('MANAGERPID', '963'), ('DBUS_SESSION_BUS_ADDRESS', 'unix:path=/run/user/1000/bus'), ('COLORTERM', 'truecolor'), ('IM_CONFIG_PHASE', '1'), ('COLCON_PREFIX_PATH', '/home/rob/ws_pymoveit2/install'), ('ROS_DISTRO', 'galactic'), ('LOGNAME', 'rob'), ('JOURNAL_STREAM', '8:31242'), ('_', '/usr/bin/colcon'), ('ROS_VERSION', '2'), ('XDG_SESSION_CLASS', 'user'), ('USERNAME', 'rob'), ('TERM', 'xterm-256color'), ('GNOME_DESKTOP_SESSION_ID', 'this-is-deprecated'), ('ROS_LOCALHOST_ONLY', '0'), ('WINDOWPATH', '2'), ('PATH', '/opt/ros/galactic/bin:/usr/local/sbin:/usr/local/bin:/usr/sbin:/usr/bin:/sbin:/bin:/usr/games:/usr/local/games:/snap/bin'), ('SESSION_MANAGER', 'local/rob-VirtualBox:@/tmp/.ICE-unix/1234,unix/rob-VirtualBox:/tmp/.ICE-unix/1234'), ('INVOCATION_ID', 'fd3bd5b63f9f4c73a3628a270c5d95d8'), ('PAPERSIZE', 'letter'), ('XDG_MENU_PREFIX', 'gnome-'), ('LC_ADDRESS', 'en_US.UTF-8'), ('GNOME_TERMINAL_SCREEN', '/org/gnome/Terminal/screen/2fb77e07_c358_4ac4_81a8_79d77be095bd'), ('XDG_RUNTIME_DIR', '/run/user/1000'), ('DISPLAY', ':0'), ('LANG', 'en_US.UTF-8'), ('XDG_CURRENT_DESKTOP', 'ubuntu:GNOME'), ('LC_TELEPHONE', 'en_US.UTF-8'), ('XMODIFIERS', '@im=ibus'), ('XDG_SESSION_DESKTOP', 'ubuntu'), ('XAUTHORITY', '/run/user/1000/gdm/Xauthority'), ('LS_COLORS', 'rs=0:di=01;34:ln=01;36:mh=00:pi=40;33:so=01;35:do=01;35:bd=40;33;01:cd=40;33;01:or=40;31;01:mi=00:su=37;41:sg=30;43:ca=30;41:tw=30;42:ow=34;42:st=37;44:ex=01;32:*.tar=01;31:*.tgz=01;31:*.arc=01;31:*.arj=01;31:*.taz=01;31:*.lha=01;31:*.lz4=01;31:*.lzh=01;31:*.lzma=01;31:*.tlz=01;31:*.txz=01;31:*.tzo=01;31:*.t7z=01;31:*.zip=01;31:*.z=01;31:*.dz=01;31:*.gz=01;31:*.lrz=01;31:*.lz=01;31:*.lzo=01;31:*.xz=01;31:*.zst=01;31:*.tzst=01;31:*.bz2=01;31:*.bz=01;31:*.tbz=01;31:*.tbz2=01;31:*.tz=01;31:*.deb=01;31:*.rpm=01;31:*.jar=01;31:*.war=01;31:*.ear=01;31:*.sar=01;31:*.rar=01;31:*.alz=01;31:*.ace=01;31:*.zoo=01;31:*.cpio=01;31:*.7z=01;31:*.rz=01;31:*.cab=01;31:*.wim=01;31:*.swm=01;31:*.dwm=01;31:*.esd=01;31:*.jpg=01;35:*.jpeg=01;35:*.mjpg=01;35:*.mjpeg=01;35:*.gif=01;35:*.bmp=01;35:*.pbm=01;35:*.pgm=01;35:*.ppm=01;35:*.tga=01;35:*.xbm=01;35:*.xpm=01;35:*.tif=01;35:*.tiff=01;35:*.png=01;35:*.svg=01;35:*.svgz=01;35:*.mng=01;35:*.pcx=01;35:*.mov=01;35:*.mpg=01;35:*.mpeg=01;35:*.m2v=01;35:*.mkv=01;35:*.webm=01;35:*.ogm=01;35:*.mp4=01;35:*.m4v=01;35:*.mp4v=01;35:*.vob=01;35:*.qt=01;35:*.nuv=01;35:*.wmv=01;35:*.asf=01;35:*.rm=01;35:*.rmvb=01;35:*.flc=01;35:*.avi=01;35:*.fli=01;35:*.flv=01;35:*.gl=01;35:*.dl=01;35:*.xcf=01;35:*.xwd=01;35:*.yuv=01;35:*.cgm=01;35:*.emf=01;35:*.ogv=01;35:*.ogx=01;35:*.aac=00;36:*.au=00;36:*.flac=00;36:*.m4a=00;36:*.mid=00;36:*.midi=00;36:*.mka=00;36:*.mp3=00;36:*.mpc=00;36:*.ogg=00;36:*.ra=00;36:*.wav=00;36:*.oga=00;36:*.opus=00;36:*.spx=00;36:*.xspf=00;36:'), ('GNOME_TERMINAL_SERVICE', ':1.76'), ('SSH_AUTH_SOCK', '/run/user/1000/keyring/ssh'), ('AMENT_PREFIX_PATH', '/home/rob/ws_pymoveit2/install:/opt/ros/galactic'), ('SHELL', '/bin/bash'), ('LC_NAME', 'en_US.UTF-8'), ('QT_ACCESSIBILITY', '1'), ('GDMSESSION', 'ubuntu'), ('LESSCLOSE', '/usr/bin/lesspipe %s %s'), ('LC_MEASUREMENT', 'en_US.UTF-8'), ('GPG_AGENT_INFO', '/run/user/1000/gnupg/S.gpg-agent:0:1'), ('LC_IDENTIFICATION', 'en_US.UTF-8'), ('QT_IM_MODULE', 'ibus'), ('PWD', '/home/rob/praktikum_ws/build/vrpn'), ('LC_ALL', 'en_US.UTF-8'), ('XDG_CONFIG_DIRS', '/etc/xdg/xdg-ubuntu:/etc/xdg'), ('XDG_DATA_DIRS', '/usr/share/ubuntu:/usr/local/share/:/usr/share/:/var/lib/snapd/desktop'), ('PYTHONPATH', '/home/rob/ws_pymoveit2/install/lib/python3.8/site-packages:/opt/ros/galactic/lib/python3.8/site-packages'), ('LC_NUMERIC', 'en_US.UTF-8'), ('LC_PAPER', 'en_US.UTF-8'), ('COLCON', '1'), ('VTE_VERSION', '6003'), ('CMAKE_PREFIX_PATH', '/home/rob/ws_pymoveit2/install:/opt/ros/galactic')]), 'shell': False}
[3.359526] (-) TimerEvent: {}
[3.363086] (vrpn) StdoutLine: {'line': b'-- Install configuration: "RelWithDebInfo"\n'}
[3.364105] (vrpn) StdoutLine: {'line': b'-- Up-to-date: /home/rob/praktikum_ws/install/vrpn/lib/libvrpnserver.a\n'}
[3.365298] (vrpn) StdoutLine: {'line': b'-- Up-to-date: /home/rob/praktikum_ws/install/vrpn/include/vrpn_Configure.h\n'}
[3.365455] (vrpn) StdoutLine: {'line': b'-- Up-to-date: /home/rob/praktikum_ws/install/vrpn/include/vrpn_Analog.h\n'}
[3.365601] (vrpn) StdoutLine: {'line': b'-- Up-to-date: /home/rob/praktikum_ws/install/vrpn/include/vrpn_Analog_Output.h\n'}
[3.366036] (vrpn) StdoutLine: {'line': b'-- Up-to-date: /home/rob/praktikum_ws/install/vrpn/include/vrpn_Assert.h\n'}
[3.366210] (vrpn) StdoutLine: {'line': b'-- Up-to-date: /home/rob/praktikum_ws/install/vrpn/include/vrpn_Auxiliary_Logger.h\n'}
[3.366366] (vrpn) StdoutLine: {'line': b'-- Up-to-date: /home/rob/praktikum_ws/install/vrpn/include/vrpn_BaseClass.h\n'}
[3.366523] (vrpn) StdoutLine: {'line': b'-- Up-to-date: /home/rob/praktikum_ws/install/vrpn/include/vrpn_Button.h\n'}
[3.366678] (vrpn) StdoutLine: {'line': b'-- Up-to-date: /home/rob/praktikum_ws/install/vrpn/include/vrpn_Connection.h\n'}
[3.366877] (vrpn) StdoutLine: {'line': b'-- Up-to-date: /home/rob/praktikum_ws/install/vrpn/include/vrpn_ConnectionPtr.h\n'}
[3.367035] (vrpn) StdoutLine: {'line': b'-- Up-to-date: /home/rob/praktikum_ws/install/vrpn/include/vrpn_Dial.h\n'}
[3.367195] (vrpn) StdoutLine: {'line': b'-- Up-to-date: /home/rob/praktikum_ws/install/vrpn/include/vrpn_EndpointContainer.h\n'}
[3.367333] (vrpn) StdoutLine: {'line': b'-- Up-to-date: /home/rob/praktikum_ws/install/vrpn/include/vrpn_FileConnection.h\n'}
[3.367490] (vrpn) StdoutLine: {'line': b'-- Up-to-date: /home/rob/praktikum_ws/install/vrpn/include/vrpn_FileController.h\n'}
[3.367630] (vrpn) StdoutLine: {'line': b'-- Up-to-date: /home/rob/praktikum_ws/install/vrpn/include/vrpn_ForceDevice.h\n'}
[3.367770] (vrpn) StdoutLine: {'line': b'-- Up-to-date: /home/rob/praktikum_ws/install/vrpn/include/vrpn_ForwarderController.h\n'}
[3.367910] (vrpn) StdoutLine: {'line': b'-- Up-to-date: /home/rob/praktikum_ws/install/vrpn/include/vrpn_Forwarder.h\n'}
[3.368047] (vrpn) StdoutLine: {'line': b'-- Up-to-date: /home/rob/praktikum_ws/install/vrpn/include/vrpn_FunctionGenerator.h\n'}
[3.368215] (vrpn) StdoutLine: {'line': b'-- Up-to-date: /home/rob/praktikum_ws/install/vrpn/include/vrpn_Imager.h\n'}
[3.368373] (vrpn) StdoutLine: {'line': b'-- Up-to-date: /home/rob/praktikum_ws/install/vrpn/include/vrpn_LamportClock.h\n'}
[3.368529] (vrpn) StdoutLine: {'line': b'-- Up-to-date: /home/rob/praktikum_ws/install/vrpn/include/vrpn_Log.h\n'}
[3.368687] (vrpn) StdoutLine: {'line': b'-- Up-to-date: /home/rob/praktikum_ws/install/vrpn/include/vrpn_MainloopContainer.h\n'}
[3.368850] (vrpn) StdoutLine: {'line': b'-- Up-to-date: /home/rob/praktikum_ws/install/vrpn/include/vrpn_MainloopObject.h\n'}
[3.369013] (vrpn) StdoutLine: {'line': b'-- Up-to-date: /home/rob/praktikum_ws/install/vrpn/include/vrpn_Mutex.h\n'}
[3.369186] (vrpn) StdoutLine: {'line': b'-- Up-to-date: /home/rob/praktikum_ws/install/vrpn/include/vrpn_OwningPtr.h\n'}
[3.369326] (vrpn) StdoutLine: {'line': b'-- Up-to-date: /home/rob/praktikum_ws/install/vrpn/include/vrpn_RedundantTransmission.h\n'}
[3.369464] (vrpn) StdoutLine: {'line': b'-- Up-to-date: /home/rob/praktikum_ws/install/vrpn/include/vrpn_SendTextMessageStreamProxy.h\n'}
[3.369602] (vrpn) StdoutLine: {'line': b'-- Up-to-date: /home/rob/praktikum_ws/install/vrpn/include/vrpn_Serial.h\n'}
[3.369745] (vrpn) StdoutLine: {'line': b'-- Up-to-date: /home/rob/praktikum_ws/install/vrpn/include/vrpn_SerialPort.h\n'}
[3.369883] (vrpn) StdoutLine: {'line': b'-- Up-to-date: /home/rob/praktikum_ws/install/vrpn/include/vrpn_Shared.h\n'}
[3.370020] (vrpn) StdoutLine: {'line': b'-- Up-to-date: /home/rob/praktikum_ws/install/vrpn/include/vrpn_SharedObject.h\n'}
[3.370187] (vrpn) StdoutLine: {'line': b'-- Up-to-date: /home/rob/praktikum_ws/install/vrpn/include/vrpn_Sound.h\n'}
[3.370343] (vrpn) StdoutLine: {'line': b'-- Up-to-date: /home/rob/praktikum_ws/install/vrpn/include/vrpn_Text.h\n'}
[3.370503] (vrpn) StdoutLine: {'line': b'-- Up-to-date: /home/rob/praktikum_ws/install/vrpn/include/vrpn_Thread.h\n'}
[3.370659] (vrpn) StdoutLine: {'line': b'-- Up-to-date: /home/rob/praktikum_ws/install/vrpn/include/vrpn_Tracker.h\n'}
[3.370819] (vrpn) StdoutLine: {'line': b'-- Up-to-date: /home/rob/praktikum_ws/install/vrpn/include/vrpn_Types.h\n'}
[3.370976] (vrpn) StdoutLine: {'line': b'-- Up-to-date: /home/rob/praktikum_ws/install/vrpn/include/vrpn_WindowsH.h\n'}
[3.371141] (vrpn) StdoutLine: {'line': b'-- Up-to-date: /home/rob/praktikum_ws/install/vrpn/include/vrpn_3DConnexion.h\n'}
[3.371280] (vrpn) StdoutLine: {'line': b'-- Up-to-date: /home/rob/praktikum_ws/install/vrpn/include/vrpn_3DMicroscribe.h\n'}
[3.371421] (vrpn) StdoutLine: {'line': b'-- Up-to-date: /home/rob/praktikum_ws/install/vrpn/include/vrpn_3Space.h\n'}
[3.371576] (vrpn) StdoutLine: {'line': b'-- Up-to-date: /home/rob/praktikum_ws/install/vrpn/include/vrpn_5DT16.h\n'}
[3.371718] (vrpn) StdoutLine: {'line': b'-- Up-to-date: /home/rob/praktikum_ws/install/vrpn/include/vrpn_Adafruit.h\n'}
[3.371858] (vrpn) StdoutLine: {'line': b'-- Up-to-date: /home/rob/praktikum_ws/install/vrpn/include/vrpn_ADBox.h\n'}
[3.372142] (vrpn) StdoutLine: {'line': b'-- Up-to-date: /home/rob/praktikum_ws/install/vrpn/include/vrpn_Analog_5dt.h\n'}
[3.372234] (vrpn) StdoutLine: {'line': b'-- Up-to-date: /home/rob/praktikum_ws/install/vrpn/include/vrpn_Analog_5dtUSB.h\n'}
[3.372321] (vrpn) StdoutLine: {'line': b'-- Up-to-date: /home/rob/praktikum_ws/install/vrpn/include/vrpn_Analog_Radamec_SPI.h\n'}
[3.372975] (vrpn) StdoutLine: {'line': b'-- Up-to-date: /home/rob/praktikum_ws/install/vrpn/include/vrpn_Analog_USDigital_A2.h\n'}
[3.373074] (vrpn) StdoutLine: {'line': b'-- Up-to-date: /home/rob/praktikum_ws/install/vrpn/include/vrpn_Atmel.h\n'}
[3.373173] (vrpn) StdoutLine: {'line': b'-- Up-to-date: /home/rob/praktikum_ws/install/vrpn/include/vrpn_BiosciencesTools.h\n'}
[3.373262] (vrpn) StdoutLine: {'line': b'-- Up-to-date: /home/rob/praktikum_ws/install/vrpn/include/vrpn_Button_NI_DIO24.h\n'}
[3.373347] (vrpn) StdoutLine: {'line': b'-- Up-to-date: /home/rob/praktikum_ws/install/vrpn/include/vrpn_Button_USB.h\n'}
[3.373432] (vrpn) StdoutLine: {'line': b'-- Up-to-date: /home/rob/praktikum_ws/install/vrpn/include/vrpn_CerealBox.h\n'}
[3.373517] (vrpn) StdoutLine: {'line': b'-- Up-to-date: /home/rob/praktikum_ws/install/vrpn/include/vrpn_CHProducts_Controller_Raw.h\n'}
[3.373602] (vrpn) StdoutLine: {'line': b'-- Up-to-date: /home/rob/praktikum_ws/install/vrpn/include/vrpn_Contour.h\n'}
[3.373711] (vrpn) StdoutLine: {'line': b'-- Up-to-date: /home/rob/praktikum_ws/install/vrpn/include/vrpn_DevInput.h\n'}
[3.373798] (vrpn) StdoutLine: {'line': b'-- Up-to-date: /home/rob/praktikum_ws/install/vrpn/include/vrpn_DirectXFFJoystick.h\n'}
[3.373888] (vrpn) StdoutLine: {'line': b'-- Up-to-date: /home/rob/praktikum_ws/install/vrpn/include/vrpn_DirectXRumblePad.h\n'}
[3.375881] (vrpn) StdoutLine: {'line': b'-- Up-to-date: /home/rob/praktikum_ws/install/vrpn/include/vrpn_DreamCheeky.h\n'}
[3.375983] (vrpn) StdoutLine: {'line': b'-- Up-to-date: /home/rob/praktikum_ws/install/vrpn/include/vrpn_Dyna.h\n'}
[3.376074] (vrpn) StdoutLine: {'line': b'-- Up-to-date: /home/rob/praktikum_ws/install/vrpn/include/vrpn_Event_Analog.h\n'}
[3.376179] (vrpn) StdoutLine: {'line': b'-- Up-to-date: /home/rob/praktikum_ws/install/vrpn/include/vrpn_Event.h\n'}
[3.376269] (vrpn) StdoutLine: {'line': b'-- Up-to-date: /home/rob/praktikum_ws/install/vrpn/include/vrpn_Event_Mouse.h\n'}
[3.376359] (vrpn) StdoutLine: {'line': b'-- Up-to-date: /home/rob/praktikum_ws/install/vrpn/include/vrpn_Flock.h\n'}
[3.376449] (vrpn) StdoutLine: {'line': b'-- Up-to-date: /home/rob/praktikum_ws/install/vrpn/include/vrpn_Flock_Parallel.h\n'}
[3.376538] (vrpn) StdoutLine: {'line': b'-- Up-to-date: /home/rob/praktikum_ws/install/vrpn/include/vrpn_ForceDeviceServer.h\n'}
[3.376631] (vrpn) StdoutLine: {'line': b'-- Up-to-date: /home/rob/praktikum_ws/install/vrpn/include/vrpn_Freespace.h\n'}
[3.376721] (vrpn) StdoutLine: {'line': b'-- Up-to-date: /home/rob/praktikum_ws/install/vrpn/include/vrpn_FunctionGenerator.h\n'}
[3.376810] (vrpn) StdoutLine: {'line': b'-- Up-to-date: /home/rob/praktikum_ws/install/vrpn/include/vrpn_Futaba.h\n'}
[3.376899] (vrpn) StdoutLine: {'line': b'-- Up-to-date: /home/rob/praktikum_ws/install/vrpn/include/vrpn_GlobalHapticsOrb.h\n'}
[3.376987] (vrpn) StdoutLine: {'line': b'-- Up-to-date: /home/rob/praktikum_ws/install/vrpn/include/vrpn_Griffin.h\n'}
[3.377076] (vrpn) StdoutLine: {'line': b'-- Up-to-date: /home/rob/praktikum_ws/install/vrpn/include/vrpn_HashST.h\n'}
[3.377181] (vrpn) StdoutLine: {'line': b'-- Up-to-date: /home/rob/praktikum_ws/install/vrpn/include/vrpn_HumanInterface.h\n'}
[3.377270] (vrpn) StdoutLine: {'line': b'-- Up-to-date: /home/rob/praktikum_ws/install/vrpn/include/vrpn_IDEA.h\n'}
[3.377359] (vrpn) StdoutLine: {'line': b'-- Up-to-date: /home/rob/praktikum_ws/install/vrpn/include/vrpn_Imager_Stream_Buffer.h\n'}
[3.377448] (vrpn) StdoutLine: {'line': b'-- Up-to-date: /home/rob/praktikum_ws/install/vrpn/include/vrpn_ImmersionBox.h\n'}
[3.377539] (vrpn) StdoutLine: {'line': b'-- Up-to-date: /home/rob/praktikum_ws/install/vrpn/include/vrpn_inertiamouse.h\n'}
[3.377629] (vrpn) StdoutLine: {'line': b'-- Up-to-date: /home/rob/praktikum_ws/install/vrpn/include/vrpn_JoyFly.h\n'}
[3.377718] (vrpn) StdoutLine: {'line': b'-- Up-to-date: /home/rob/praktikum_ws/install/vrpn/include/vrpn_Joylin.h\n'}
[3.377807] (vrpn) StdoutLine: {'line': b'-- Up-to-date: /home/rob/praktikum_ws/install/vrpn/include/vrpn_Joywin32.h\n'}
[3.377896] (vrpn) StdoutLine: {'line': b'-- Up-to-date: /home/rob/praktikum_ws/install/vrpn/include/vrpn_Keyboard.h\n'}
[3.377989] (vrpn) StdoutLine: {'line': b'-- Up-to-date: /home/rob/praktikum_ws/install/vrpn/include/vrpn_Logitech_Controller_Raw.h\n'}
[3.378078] (vrpn) StdoutLine: {'line': b'-- Up-to-date: /home/rob/praktikum_ws/install/vrpn/include/vrpn_Laputa.h\n'}
[3.378180] (vrpn) StdoutLine: {'line': b'-- Up-to-date: /home/rob/praktikum_ws/install/vrpn/include/vrpn_LUDL.h\n'}
[3.378271] (vrpn) StdoutLine: {'line': b'-- Up-to-date: /home/rob/praktikum_ws/install/vrpn/include/vrpn_Magellan.h\n'}
[3.378362] (vrpn) StdoutLine: {'line': b'-- Up-to-date: /home/rob/praktikum_ws/install/vrpn/include/vrpn_MessageMacros.h\n'}
[3.378453] (vrpn) StdoutLine: {'line': b'-- Up-to-date: /home/rob/praktikum_ws/install/vrpn/include/vrpn_Microsoft_Controller_Raw.h\n'}
[3.378548] (vrpn) StdoutLine: {'line': b'-- Up-to-date: /home/rob/praktikum_ws/install/vrpn/include/vrpn_Mouse.h\n'}
[3.378639] (vrpn) StdoutLine: {'line': b'-- Up-to-date: /home/rob/praktikum_ws/install/vrpn/include/vrpn_NationalInstruments.h\n'}
[3.378730] (vrpn) StdoutLine: {'line': b'-- Up-to-date: /home/rob/praktikum_ws/install/vrpn/include/vrpn_Nidaq.h\n'}
[3.378821] (vrpn) StdoutLine: {'line': b'-- Up-to-date: /home/rob/praktikum_ws/install/vrpn/include/vrpn_nikon_controls.h\n'}
[3.378916] (vrpn) StdoutLine: {'line': b'-- Up-to-date: /home/rob/praktikum_ws/install/vrpn/include/vrpn_nVidia_shield_controller.h\n'}
[3.379006] (vrpn) StdoutLine: {'line': b'-- Up-to-date: /home/rob/praktikum_ws/install/vrpn/include/vrpn_Oculus.h\n'}
[3.379097] (vrpn) StdoutLine: {'line': b'-- Up-to-date: /home/rob/praktikum_ws/install/vrpn/include/vrpn_OmegaTemperature.h\n'}
[3.379188] (vrpn) StdoutLine: {'line': b'-- Up-to-date: /home/rob/praktikum_ws/install/vrpn/include/vrpn_OneEuroFilter.h\n'}
[3.379279] (vrpn) StdoutLine: {'line': b'-- Up-to-date: /home/rob/praktikum_ws/install/vrpn/include/vrpn_OzzMaker.h\n'}
[3.379370] (vrpn) StdoutLine: {'line': b'-- Up-to-date: /home/rob/praktikum_ws/install/vrpn/include/vrpn_Poser_Analog.h\n'}
[3.382623] (vrpn) StdoutLine: {'line': b'-- Up-to-date: /home/rob/praktikum_ws/install/vrpn/include/vrpn_Poser.h\n'}
[3.382746] (vrpn) StdoutLine: {'line': b'-- Up-to-date: /home/rob/praktikum_ws/install/vrpn/include/vrpn_Poser_Tek4662.h\n'}
[3.382961] (vrpn) StdoutLine: {'line': b'-- Up-to-date: /home/rob/praktikum_ws/install/vrpn/include/vrpn_raw_sgibox.h\n'}
[3.383070] (vrpn) StdoutLine: {'line': b'-- Up-to-date: /home/rob/praktikum_ws/install/vrpn/include/vrpn_Retrolink.h\n'}
[3.383181] (vrpn) StdoutLine: {'line': b'-- Up-to-date: /home/rob/praktikum_ws/install/vrpn/include/vrpn_Saitek_Controller_Raw.h\n'}
[3.383516] (vrpn) StdoutLine: {'line': b'-- Up-to-date: /home/rob/praktikum_ws/install/vrpn/include/vrpn_sgibox.h\n'}
[3.383613] (vrpn) StdoutLine: {'line': b'-- Up-to-date: /home/rob/praktikum_ws/install/vrpn/include/vrpn_Spaceball.h\n'}
[3.383918] (vrpn) StdoutLine: {'line': b'-- Up-to-date: /home/rob/praktikum_ws/install/vrpn/include/vrpn_Streaming_Arduino.h\n'}
[3.384017] (vrpn) StdoutLine: {'line': b'-- Up-to-date: /home/rob/praktikum_ws/install/vrpn/include/vrpn_Tng3.h\n'}
[3.384218] (vrpn) StdoutLine: {'line': b'-- Up-to-date: /home/rob/praktikum_ws/install/vrpn/include/vrpn_Tracker_3DMouse.h\n'}
[3.384315] (vrpn) StdoutLine: {'line': b'-- Up-to-date: /home/rob/praktikum_ws/install/vrpn/include/vrpn_Tracker_AnalogFly.h\n'}
[3.386454] (vrpn) StdoutLine: {'line': b'-- Up-to-date: /home/rob/praktikum_ws/install/vrpn/include/vrpn_Tracker_ButtonFly.h\n'}
[3.386567] (vrpn) StdoutLine: {'line': b'-- Up-to-date: /home/rob/praktikum_ws/install/vrpn/include/vrpn_Tracker_Crossbow.h\n'}
[3.386950] (vrpn) StdoutLine: {'line': b'-- Up-to-date: /home/rob/praktikum_ws/install/vrpn/include/vrpn_Tracker_DTrack.h\n'}
[3.387054] (vrpn) StdoutLine: {'line': b'-- Up-to-date: /home/rob/praktikum_ws/install/vrpn/include/vrpn_Tracker_Fastrak.h\n'}
[3.387402] (vrpn) StdoutLine: {'line': b'-- Up-to-date: /home/rob/praktikum_ws/install/vrpn/include/vrpn_Tracker_Filter.h\n'}
[3.387505] (vrpn) StdoutLine: {'line': b'-- Up-to-date: /home/rob/praktikum_ws/install/vrpn/include/vrpn_Tracker_GameTrak.h\n'}
[3.388086] (vrpn) StdoutLine: {'line': b'-- Up-to-date: /home/rob/praktikum_ws/install/vrpn/include/vrpn_Tracker_GPS.h\n'}
[3.388209] (vrpn) StdoutLine: {'line': b'-- Up-to-date: /home/rob/praktikum_ws/install/vrpn/include/vrpn_Tracker_IMU.h\n'}
[3.388873] (vrpn) StdoutLine: {'line': b'-- Up-to-date: /home/rob/praktikum_ws/install/vrpn/include/vrpn_Tracker_isense.h\n'}
[3.389391] (vrpn) StdoutLine: {'line': b'-- Up-to-date: /home/rob/praktikum_ws/install/vrpn/include/vrpn_Tracker_Isotrak.h\n'}
[3.389518] (vrpn) StdoutLine: {'line': b'-- Up-to-date: /home/rob/praktikum_ws/install/vrpn/include/vrpn_Tracker_JsonNet.h\n'}
[3.389767] (vrpn) StdoutLine: {'line': b'-- Up-to-date: /home/rob/praktikum_ws/install/vrpn/include/vrpn_Tracker_Liberty.h\n'}
[3.389870] (vrpn) StdoutLine: {'line': b'-- Up-to-date: /home/rob/praktikum_ws/install/vrpn/include/vrpn_Tracker_MotionNode.h\n'}
[3.390081] (vrpn) StdoutLine: {'line': b'-- Up-to-date: /home/rob/praktikum_ws/install/vrpn/include/vrpn_Tracker_NDI_Polaris.h\n'}
[3.390183] (vrpn) StdoutLine: {'line': b'-- Up-to-date: /home/rob/praktikum_ws/install/vrpn/include/vrpn_Tracker_NovintFalcon.h\n'}
[3.390468] (vrpn) StdoutLine: {'line': b'-- Up-to-date: /home/rob/praktikum_ws/install/vrpn/include/vrpn_Tracker_OSVRHackerDevKit.h\n'}
[3.390564] (vrpn) StdoutLine: {'line': b'-- Up-to-date: /home/rob/praktikum_ws/install/vrpn/include/vrpn_Tracker_PDI.h\n'}
[3.391112] (vrpn) StdoutLine: {'line': b'-- Up-to-date: /home/rob/praktikum_ws/install/vrpn/include/vrpn_Tracker_PhaseSpace.h\n'}
[3.391338] (vrpn) StdoutLine: {'line': b'-- Up-to-date: /home/rob/praktikum_ws/install/vrpn/include/vrpn_Tracker_RazerHydra.h\n'}
[3.391450] (vrpn) StdoutLine: {'line': b'-- Up-to-date: /home/rob/praktikum_ws/install/vrpn/include/vrpn_Tracker_ThalmicLabsMyo.h\n'}
[3.391699] (vrpn) StdoutLine: {'line': b'-- Up-to-date: /home/rob/praktikum_ws/install/vrpn/include/vrpn_Tracker_SpacePoint.h\n'}
[3.391802] (vrpn) StdoutLine: {'line': b'-- Up-to-date: /home/rob/praktikum_ws/install/vrpn/include/vrpn_Tracker_Wintracker.h\n'}
[3.391895] (vrpn) StdoutLine: {'line': b'-- Up-to-date: /home/rob/praktikum_ws/install/vrpn/include/vrpn_Tracker_Colibri.h\n'}
[3.392388] (vrpn) StdoutLine: {'line': b'-- Up-to-date: /home/rob/praktikum_ws/install/vrpn/include/vrpn_Tracker_TrivisioColibri.h\n'}
[3.392579] (vrpn) StdoutLine: {'line': b'-- Up-to-date: /home/rob/praktikum_ws/install/vrpn/include/vrpn_Tracker_WiimoteHead.h\n'}
[3.392689] (vrpn) StdoutLine: {'line': b'-- Up-to-date: /home/rob/praktikum_ws/install/vrpn/include/vrpn_Tracker_zSight.h\n'}
[3.392946] (vrpn) StdoutLine: {'line': b'-- Up-to-date: /home/rob/praktikum_ws/install/vrpn/include/vrpn_Tracker_ViewPoint.h\n'}
[3.393047] (vrpn) StdoutLine: {'line': b'-- Up-to-date: /home/rob/praktikum_ws/install/vrpn/include/vrpn_UNC_Joystick.h\n'}
[3.393485] (vrpn) StdoutLine: {'line': b'-- Up-to-date: /home/rob/praktikum_ws/install/vrpn/include/vrpn_VPJoystick.h\n'}
[3.393638] (vrpn) StdoutLine: {'line': b'-- Up-to-date: /home/rob/praktikum_ws/install/vrpn/include/vrpn_Wanda.h\n'}
[3.393840] (vrpn) StdoutLine: {'line': b'-- Up-to-date: /home/rob/praktikum_ws/install/vrpn/include/vrpn_WiiMote.h\n'}
[3.394103] (vrpn) StdoutLine: {'line': b'-- Up-to-date: /home/rob/praktikum_ws/install/vrpn/include/vrpn_XInputGamepad.h\n'}
[3.394221] (vrpn) StdoutLine: {'line': b'-- Up-to-date: /home/rob/praktikum_ws/install/vrpn/include/vrpn_Xkeys.h\n'}
[3.394713] (vrpn) StdoutLine: {'line': b'-- Up-to-date: /home/rob/praktikum_ws/install/vrpn/include/vrpn_Tracker_LibertyHS.h\n'}
[3.394959] (vrpn) StdoutLine: {'line': b'-- Up-to-date: /home/rob/praktikum_ws/install/vrpn/include/vrpn_YEI_3Space.h\n'}
[3.395256] (vrpn) StdoutLine: {'line': b'-- Up-to-date: /home/rob/praktikum_ws/install/vrpn/include/vrpn_Zaber.h\n'}
[3.395372] (vrpn) StdoutLine: {'line': b'-- Up-to-date: /home/rob/praktikum_ws/install/vrpn/include/vrpn_Generic_server_object.h\n'}
[3.395868] (vrpn) StdoutLine: {'line': b'-- Up-to-date: /home/rob/praktikum_ws/install/vrpn/share/vrpn/package.xml\n'}
[3.396082] (vrpn) StdoutLine: {'line': b'-- Up-to-date: /home/rob/praktikum_ws/install/vrpn/share/vrpn/cmake/VRPNConfig.cmake\n'}
[3.396361] (vrpn) StdoutLine: {'line': b'-- Up-to-date: /home/rob/praktikum_ws/install/vrpn/share/quatlib/cmake/quatlibConfig.cmake\n'}
[3.396461] (vrpn) StdoutLine: {'line': b'-- Up-to-date: /home/rob/praktikum_ws/install/vrpn/lib/libvrpn.a\n'}
[3.396887] (vrpn) StdoutLine: {'line': b'-- Up-to-date: /home/rob/praktikum_ws/install/vrpn/include/vrpn_Configure.h\n'}
[3.397365] (vrpn) StdoutLine: {'line': b'-- Up-to-date: /home/rob/praktikum_ws/install/vrpn/include/vrpn_Analog.h\n'}
[3.398135] (vrpn) StdoutLine: {'line': b'-- Up-to-date: /home/rob/praktikum_ws/install/vrpn/include/vrpn_Analog_Output.h\n'}
[3.398409] (vrpn) StdoutLine: {'line': b'-- Up-to-date: /home/rob/praktikum_ws/install/vrpn/include/vrpn_Assert.h\n'}
[3.398515] (vrpn) StdoutLine: {'line': b'-- Up-to-date: /home/rob/praktikum_ws/install/vrpn/include/vrpn_Auxiliary_Logger.h\n'}
[3.399020] (vrpn) StdoutLine: {'line': b'-- Up-to-date: /home/rob/praktikum_ws/install/vrpn/include/vrpn_BaseClass.h\n'}
[3.399357] (vrpn) StdoutLine: {'line': b'-- Up-to-date: /home/rob/praktikum_ws/install/vrpn/include/vrpn_Button.h\n'}
[3.399654] (vrpn) StdoutLine: {'line': b'-- Up-to-date: /home/rob/praktikum_ws/install/vrpn/include/vrpn_Connection.h\n'}
[3.400255] (vrpn) StdoutLine: {'line': b'-- Up-to-date: /home/rob/praktikum_ws/install/vrpn/include/vrpn_ConnectionPtr.h\n'}
[3.400701] (vrpn) StdoutLine: {'line': b'-- Up-to-date: /home/rob/praktikum_ws/install/vrpn/include/vrpn_Dial.h\n'}
[3.400909] (vrpn) StdoutLine: {'line': b'-- Up-to-date: /home/rob/praktikum_ws/install/vrpn/include/vrpn_EndpointContainer.h\n'}
[3.401028] (vrpn) StdoutLine: {'line': b'-- Up-to-date: /home/rob/praktikum_ws/install/vrpn/include/vrpn_FileConnection.h\n'}
[3.401318] (vrpn) StdoutLine: {'line': b'-- Up-to-date: /home/rob/praktikum_ws/install/vrpn/include/vrpn_FileController.h\n'}
[3.401773] (vrpn) StdoutLine: {'line': b'-- Up-to-date: /home/rob/praktikum_ws/install/vrpn/include/vrpn_ForceDevice.h\n'}
[3.402125] (vrpn) StdoutLine: {'line': b'-- Up-to-date: /home/rob/praktikum_ws/install/vrpn/include/vrpn_ForwarderController.h\n'}
[3.402457] (vrpn) StdoutLine: {'line': b'-- Up-to-date: /home/rob/praktikum_ws/install/vrpn/include/vrpn_Forwarder.h\n'}
[3.402572] (vrpn) StdoutLine: {'line': b'-- Up-to-date: /home/rob/praktikum_ws/install/vrpn/include/vrpn_FunctionGenerator.h\n'}
[3.403009] (vrpn) StdoutLine: {'line': b'-- Up-to-date: /home/rob/praktikum_ws/install/vrpn/include/vrpn_Imager.h\n'}
[3.403203] (vrpn) StdoutLine: {'line': b'-- Up-to-date: /home/rob/praktikum_ws/install/vrpn/include/vrpn_LamportClock.h\n'}
[3.403449] (vrpn) StdoutLine: {'line': b'-- Up-to-date: /home/rob/praktikum_ws/install/vrpn/include/vrpn_Log.h\n'}
[3.403560] (vrpn) StdoutLine: {'line': b'-- Up-to-date: /home/rob/praktikum_ws/install/vrpn/include/vrpn_MainloopContainer.h\n'}
[3.403755] (vrpn) StdoutLine: {'line': b'-- Up-to-date: /home/rob/praktikum_ws/install/vrpn/include/vrpn_MainloopObject.h\n'}
[3.403863] (vrpn) StdoutLine: {'line': b'-- Up-to-date: /home/rob/praktikum_ws/install/vrpn/include/vrpn_Mutex.h\n'}
[3.404103] (vrpn) StdoutLine: {'line': b'-- Up-to-date: /home/rob/praktikum_ws/install/vrpn/include/vrpn_OwningPtr.h\n'}
[3.404512] (vrpn) StdoutLine: {'line': b'-- Up-to-date: /home/rob/praktikum_ws/install/vrpn/include/vrpn_RedundantTransmission.h\n'}
[3.406019] (vrpn) StdoutLine: {'line': b'-- Up-to-date: /home/rob/praktikum_ws/install/vrpn/include/vrpn_SendTextMessageStreamProxy.h\n'}
[3.408440] (vrpn) StdoutLine: {'line': b'-- Up-to-date: /home/rob/praktikum_ws/install/vrpn/include/vrpn_Serial.h\n'}
[3.408565] (vrpn) StdoutLine: {'line': b'-- Up-to-date: /home/rob/praktikum_ws/install/vrpn/include/vrpn_SerialPort.h\n'}
[3.408676] (vrpn) StdoutLine: {'line': b'-- Up-to-date: /home/rob/praktikum_ws/install/vrpn/include/vrpn_Shared.h\n'}
[3.408780] (vrpn) StdoutLine: {'line': b'-- Up-to-date: /home/rob/praktikum_ws/install/vrpn/include/vrpn_SharedObject.h\n'}
[3.408881] (vrpn) StdoutLine: {'line': b'-- Up-to-date: /home/rob/praktikum_ws/install/vrpn/include/vrpn_Sound.h\n'}
[3.408980] (vrpn) StdoutLine: {'line': b'-- Up-to-date: /home/rob/praktikum_ws/install/vrpn/include/vrpn_Text.h\n'}
[3.409079] (vrpn) StdoutLine: {'line': b'-- Up-to-date: /home/rob/praktikum_ws/install/vrpn/include/vrpn_Thread.h\n'}
[3.409181] (vrpn) StdoutLine: {'line': b'-- Up-to-date: /home/rob/praktikum_ws/install/vrpn/include/vrpn_Tracker.h\n'}
[3.409283] (vrpn) StdoutLine: {'line': b'-- Up-to-date: /home/rob/praktikum_ws/install/vrpn/include/vrpn_Types.h\n'}
[3.409382] (vrpn) StdoutLine: {'line': b'-- Up-to-date: /home/rob/praktikum_ws/install/vrpn/include/vrpn_WindowsH.h\n'}
[3.409480] (vrpn) StdoutLine: {'line': b'-- Up-to-date: /home/rob/praktikum_ws/install/vrpn/lib/libquat.a\n'}
[3.409595] (vrpn) StdoutLine: {'line': b'-- Up-to-date: /home/rob/praktikum_ws/install/vrpn/include/quat.h\n'}
[3.409694] (vrpn) StdoutLine: {'line': b'-- Up-to-date: /home/rob/praktikum_ws/install/vrpn/lib/libquat.a\n'}
[3.409796] (vrpn) StdoutLine: {'line': b'-- Up-to-date: /home/rob/praktikum_ws/install/vrpn/include/quat.h\n'}
[3.409897] (vrpn) StdoutLine: {'line': b'-- Up-to-date: /home/rob/praktikum_ws/install/vrpn/lib/libvrpn_atmel.a\n'}
[3.410005] (vrpn) StdoutLine: {'line': b'-- Up-to-date: /home/rob/praktikum_ws/install/vrpn/include/vrpn_atmellib_errno.h\n'}
[3.410108] (vrpn) StdoutLine: {'line': b'-- Up-to-date: /home/rob/praktikum_ws/install/vrpn/include/vrpn_atmellib.h\n'}
[3.410209] (vrpn) StdoutLine: {'line': b'-- Up-to-date: /home/rob/praktikum_ws/install/vrpn/lib/libgpsnmea.a\n'}
[3.410307] (vrpn) StdoutLine: {'line': b'-- Up-to-date: /home/rob/praktikum_ws/install/vrpn/include/nmeaParser.h\n'}
[3.410404] (vrpn) StdoutLine: {'line': b'-- Up-to-date: /home/rob/praktikum_ws/install/vrpn/include/utmCoord.h\n'}
[3.410502] (vrpn) StdoutLine: {'line': b'-- Up-to-date: /home/rob/praktikum_ws/install/vrpn/include/latLonCoord.h\n'}
[3.410602] (vrpn) StdoutLine: {'line': b'-- Up-to-date: /home/rob/praktikum_ws/install/vrpn/bin/c_interface_example\n'}
[3.410700] (vrpn) StdoutLine: {'line': b'-- Up-to-date: /home/rob/praktikum_ws/install/vrpn/bin/vrpn_average_analogs\n'}
[3.410804] (vrpn) StdoutLine: {'line': b'-- Up-to-date: /home/rob/praktikum_ws/install/vrpn/bin/vrpn_print_devices\n'}
[3.410903] (vrpn) StdoutLine: {'line': b'-- Up-to-date: /home/rob/praktikum_ws/install/vrpn/bin/vrpn_print_performance\n'}
[3.411000] (vrpn) StdoutLine: {'line': b'-- Up-to-date: /home/rob/praktikum_ws/install/vrpn/bin/vrpn_print_messages\n'}
[3.411098] (vrpn) StdoutLine: {'line': b'-- Up-to-date: /home/rob/praktikum_ws/install/vrpn/bin/run_auxiliary_logger\n'}
[3.411210] (vrpn) StdoutLine: {'line': b'-- Up-to-date: /home/rob/praktikum_ws/install/vrpn/bin/vrpn_server\n'}
[3.411321] (vrpn) StdoutLine: {'line': b'-- Up-to-date: /home/rob/praktikum_ws/install/vrpn/etc/vrpn.cfg\n'}
[3.411424] (vrpn) StdoutLine: {'line': b'-- Up-to-date: /home/rob/praktikum_ws/install/vrpn/share/vrpn-07.34/vrpn.cfg.sample\n'}
[3.411523] (vrpn) StdoutLine: {'line': b'-- Up-to-date: /home/rob/praktikum_ws/install/vrpn/lib/libvrpn_timecode_generator.a\n'}
[3.411618] (vrpn) StdoutLine: {'line': b'-- Up-to-date: /home/rob/praktikum_ws/install/vrpn/include/vrpn_timecode_generator.h\n'}
[3.411721] (vrpn) StdoutLine: {'line': b'-- Up-to-date: /home/rob/praktikum_ws/install/vrpn/bin/vrpn_streamPrint\n'}
[3.411817] (vrpn) StdoutLine: {'line': b'-- Up-to-date: /home/rob/praktikum_ws/install/vrpn/lib/python3.8/dist-packages/vrpn.so\n'}
[3.411919] (vrpn) CommandEnded: {'returncode': 0}
[3.460197] (-) TimerEvent: {}
[3.565384] (-) TimerEvent: {}
[3.670312] (-) TimerEvent: {}
[3.772096] (-) TimerEvent: {}
[3.789514] (vrpn) JobEnded: {'identifier': 'vrpn', 'rc': 0}
[3.790330] (vrpn_client_ros) JobStarted: {'identifier': 'vrpn_client_ros'}
[3.814241] (vrpn_client_ros) JobProgress: {'identifier': 'vrpn_client_ros', 'progress': 'cmake'}
[3.816353] (vrpn_client_ros) JobProgress: {'identifier': 'vrpn_client_ros', 'progress': 'build'}
[3.816773] (vrpn_client_ros) Command: {'cmd': ['/usr/bin/cmake', '--build', '/home/rob/praktikum_ws/build/vrpn_client_ros', '--', '-j1', '-l1'], 'cwd': '/home/rob/praktikum_ws/build/vrpn_client_ros', 'env': OrderedDict([('LESSOPEN', '| /usr/bin/lesspipe %s'), ('USER', 'rob'), ('LC_TIME', 'en_US.UTF-8'), ('SSH_AGENT_PID', '1196'), ('XDG_SESSION_TYPE', 'x11'), ('SHLVL', '1'), ('LD_LIBRARY_PATH', '/opt/ros/galactic/opt/yaml_cpp_vendor/lib:/opt/ros/galactic/opt/rviz_ogre_vendor/lib:/opt/ros/galactic/lib/x86_64-linux-gnu:/opt/ros/galactic/lib'), ('HOME', '/home/rob'), ('OLDPWD', '/home/rob'), ('DESKTOP_SESSION', 'ubuntu'), ('ROS_PYTHON_VERSION', '3'), ('GNOME_SHELL_SESSION_MODE', 'ubuntu'), ('GTK_MODULES', 'gail:atk-bridge'), ('LC_MONETARY', 'en_US.UTF-8'), ('MANAGERPID', '963'), ('DBUS_SESSION_BUS_ADDRESS', 'unix:path=/run/user/1000/bus'), ('COLORTERM', 'truecolor'), ('IM_CONFIG_PHASE', '1'), ('COLCON_PREFIX_PATH', '/home/rob/ws_pymoveit2/install'), ('ROS_DISTRO', 'galactic'), ('LOGNAME', 'rob'), ('JOURNAL_STREAM', '8:31242'), ('_', '/usr/bin/colcon'), ('ROS_VERSION', '2'), ('XDG_SESSION_CLASS', 'user'), ('USERNAME', 'rob'), ('TERM', 'xterm-256color'), ('GNOME_DESKTOP_SESSION_ID', 'this-is-deprecated'), ('ROS_LOCALHOST_ONLY', '0'), ('WINDOWPATH', '2'), ('PATH', '/opt/ros/galactic/bin:/usr/local/sbin:/usr/local/bin:/usr/sbin:/usr/bin:/sbin:/bin:/usr/games:/usr/local/games:/snap/bin'), ('SESSION_MANAGER', 'local/rob-VirtualBox:@/tmp/.ICE-unix/1234,unix/rob-VirtualBox:/tmp/.ICE-unix/1234'), ('INVOCATION_ID', 'fd3bd5b63f9f4c73a3628a270c5d95d8'), ('PAPERSIZE', 'letter'), ('XDG_MENU_PREFIX', 'gnome-'), ('LC_ADDRESS', 'en_US.UTF-8'), ('GNOME_TERMINAL_SCREEN', '/org/gnome/Terminal/screen/2fb77e07_c358_4ac4_81a8_79d77be095bd'), ('XDG_RUNTIME_DIR', '/run/user/1000'), ('DISPLAY', ':0'), ('LANG', 'en_US.UTF-8'), ('XDG_CURRENT_DESKTOP', 'ubuntu:GNOME'), ('LC_TELEPHONE', 'en_US.UTF-8'), ('XMODIFIERS', '@im=ibus'), ('XDG_SESSION_DESKTOP', 'ubuntu'), ('XAUTHORITY', '/run/user/1000/gdm/Xauthority'), ('LS_COLORS', 'rs=0:di=01;34:ln=01;36:mh=00:pi=40;33:so=01;35:do=01;35:bd=40;33;01:cd=40;33;01:or=40;31;01:mi=00:su=37;41:sg=30;43:ca=30;41:tw=30;42:ow=34;42:st=37;44:ex=01;32:*.tar=01;31:*.tgz=01;31:*.arc=01;31:*.arj=01;31:*.taz=01;31:*.lha=01;31:*.lz4=01;31:*.lzh=01;31:*.lzma=01;31:*.tlz=01;31:*.txz=01;31:*.tzo=01;31:*.t7z=01;31:*.zip=01;31:*.z=01;31:*.dz=01;31:*.gz=01;31:*.lrz=01;31:*.lz=01;31:*.lzo=01;31:*.xz=01;31:*.zst=01;31:*.tzst=01;31:*.bz2=01;31:*.bz=01;31:*.tbz=01;31:*.tbz2=01;31:*.tz=01;31:*.deb=01;31:*.rpm=01;31:*.jar=01;31:*.war=01;31:*.ear=01;31:*.sar=01;31:*.rar=01;31:*.alz=01;31:*.ace=01;31:*.zoo=01;31:*.cpio=01;31:*.7z=01;31:*.rz=01;31:*.cab=01;31:*.wim=01;31:*.swm=01;31:*.dwm=01;31:*.esd=01;31:*.jpg=01;35:*.jpeg=01;35:*.mjpg=01;35:*.mjpeg=01;35:*.gif=01;35:*.bmp=01;35:*.pbm=01;35:*.pgm=01;35:*.ppm=01;35:*.tga=01;35:*.xbm=01;35:*.xpm=01;35:*.tif=01;35:*.tiff=01;35:*.png=01;35:*.svg=01;35:*.svgz=01;35:*.mng=01;35:*.pcx=01;35:*.mov=01;35:*.mpg=01;35:*.mpeg=01;35:*.m2v=01;35:*.mkv=01;35:*.webm=01;35:*.ogm=01;35:*.mp4=01;35:*.m4v=01;35:*.mp4v=01;35:*.vob=01;35:*.qt=01;35:*.nuv=01;35:*.wmv=01;35:*.asf=01;35:*.rm=01;35:*.rmvb=01;35:*.flc=01;35:*.avi=01;35:*.fli=01;35:*.flv=01;35:*.gl=01;35:*.dl=01;35:*.xcf=01;35:*.xwd=01;35:*.yuv=01;35:*.cgm=01;35:*.emf=01;35:*.ogv=01;35:*.ogx=01;35:*.aac=00;36:*.au=00;36:*.flac=00;36:*.m4a=00;36:*.mid=00;36:*.midi=00;36:*.mka=00;36:*.mp3=00;36:*.mpc=00;36:*.ogg=00;36:*.ra=00;36:*.wav=00;36:*.oga=00;36:*.opus=00;36:*.spx=00;36:*.xspf=00;36:'), ('GNOME_TERMINAL_SERVICE', ':1.76'), ('SSH_AUTH_SOCK', '/run/user/1000/keyring/ssh'), ('AMENT_PREFIX_PATH', '/home/rob/ws_pymoveit2/install:/opt/ros/galactic'), ('SHELL', '/bin/bash'), ('LC_NAME', 'en_US.UTF-8'), ('QT_ACCESSIBILITY', '1'), ('GDMSESSION', 'ubuntu'), ('LESSCLOSE', '/usr/bin/lesspipe %s %s'), ('LC_MEASUREMENT', 'en_US.UTF-8'), ('GPG_AGENT_INFO', '/run/user/1000/gnupg/S.gpg-agent:0:1'), ('LC_IDENTIFICATION', 'en_US.UTF-8'), ('QT_IM_MODULE', 'ibus'), ('PWD', '/home/rob/praktikum_ws/build/vrpn_client_ros'), ('LC_ALL', 'en_US.UTF-8'), ('XDG_CONFIG_DIRS', '/etc/xdg/xdg-ubuntu:/etc/xdg'), ('XDG_DATA_DIRS', '/usr/share/ubuntu:/usr/local/share/:/usr/share/:/var/lib/snapd/desktop'), ('PYTHONPATH', '/home/rob/ws_pymoveit2/install/lib/python3.8/site-packages:/opt/ros/galactic/lib/python3.8/site-packages'), ('LC_NUMERIC', 'en_US.UTF-8'), ('LC_PAPER', 'en_US.UTF-8'), ('COLCON', '1'), ('VTE_VERSION', '6003'), ('CMAKE_PREFIX_PATH', '/home/rob/ws_pymoveit2/install:/opt/ros/galactic')]), 'shell': False}
[3.876706] (-) TimerEvent: {}
[3.919488] (vrpn_client_ros) StdoutLine: {'line': b'[ 42%] Built target vrpn_client_ros\n'}
[3.952509] (vrpn_client_ros) StdoutLine: {'line': b'[ 71%] Built target vrpn_client_node\n'}
[3.984550] (-) TimerEvent: {}
[3.987033] (vrpn_client_ros) StdoutLine: {'line': b'[100%] Built target vrpn_tracker_node\n'}
[3.998861] (vrpn_client_ros) CommandEnded: {'returncode': 0}
[4.035663] (vrpn_client_ros) JobProgress: {'identifier': 'vrpn_client_ros', 'progress': 'install'}
[4.035869] (vrpn_client_ros) Command: {'cmd': ['/usr/bin/cmake', '--install', '/home/rob/praktikum_ws/build/vrpn_client_ros'], 'cwd': '/home/rob/praktikum_ws/build/vrpn_client_ros', 'env': OrderedDict([('LESSOPEN', '| /usr/bin/lesspipe %s'), ('USER', 'rob'), ('LC_TIME', 'en_US.UTF-8'), ('SSH_AGENT_PID', '1196'), ('XDG_SESSION_TYPE', 'x11'), ('SHLVL', '1'), ('LD_LIBRARY_PATH', '/opt/ros/galactic/opt/yaml_cpp_vendor/lib:/opt/ros/galactic/opt/rviz_ogre_vendor/lib:/opt/ros/galactic/lib/x86_64-linux-gnu:/opt/ros/galactic/lib'), ('HOME', '/home/rob'), ('OLDPWD', '/home/rob'), ('DESKTOP_SESSION', 'ubuntu'), ('ROS_PYTHON_VERSION', '3'), ('GNOME_SHELL_SESSION_MODE', 'ubuntu'), ('GTK_MODULES', 'gail:atk-bridge'), ('LC_MONETARY', 'en_US.UTF-8'), ('MANAGERPID', '963'), ('DBUS_SESSION_BUS_ADDRESS', 'unix:path=/run/user/1000/bus'), ('COLORTERM', 'truecolor'), ('IM_CONFIG_PHASE', '1'), ('COLCON_PREFIX_PATH', '/home/rob/ws_pymoveit2/install'), ('ROS_DISTRO', 'galactic'), ('LOGNAME', 'rob'), ('JOURNAL_STREAM', '8:31242'), ('_', '/usr/bin/colcon'), ('ROS_VERSION', '2'), ('XDG_SESSION_CLASS', 'user'), ('USERNAME', 'rob'), ('TERM', 'xterm-256color'), ('GNOME_DESKTOP_SESSION_ID', 'this-is-deprecated'), ('ROS_LOCALHOST_ONLY', '0'), ('WINDOWPATH', '2'), ('PATH', '/opt/ros/galactic/bin:/usr/local/sbin:/usr/local/bin:/usr/sbin:/usr/bin:/sbin:/bin:/usr/games:/usr/local/games:/snap/bin'), ('SESSION_MANAGER', 'local/rob-VirtualBox:@/tmp/.ICE-unix/1234,unix/rob-VirtualBox:/tmp/.ICE-unix/1234'), ('INVOCATION_ID', 'fd3bd5b63f9f4c73a3628a270c5d95d8'), ('PAPERSIZE', 'letter'), ('XDG_MENU_PREFIX', 'gnome-'), ('LC_ADDRESS', 'en_US.UTF-8'), ('GNOME_TERMINAL_SCREEN', '/org/gnome/Terminal/screen/2fb77e07_c358_4ac4_81a8_79d77be095bd'), ('XDG_RUNTIME_DIR', '/run/user/1000'), ('DISPLAY', ':0'), ('LANG', 'en_US.UTF-8'), ('XDG_CURRENT_DESKTOP', 'ubuntu:GNOME'), ('LC_TELEPHONE', 'en_US.UTF-8'), ('XMODIFIERS', '@im=ibus'), ('XDG_SESSION_DESKTOP', 'ubuntu'), ('XAUTHORITY', '/run/user/1000/gdm/Xauthority'), ('LS_COLORS', 'rs=0:di=01;34:ln=01;36:mh=00:pi=40;33:so=01;35:do=01;35:bd=40;33;01:cd=40;33;01:or=40;31;01:mi=00:su=37;41:sg=30;43:ca=30;41:tw=30;42:ow=34;42:st=37;44:ex=01;32:*.tar=01;31:*.tgz=01;31:*.arc=01;31:*.arj=01;31:*.taz=01;31:*.lha=01;31:*.lz4=01;31:*.lzh=01;31:*.lzma=01;31:*.tlz=01;31:*.txz=01;31:*.tzo=01;31:*.t7z=01;31:*.zip=01;31:*.z=01;31:*.dz=01;31:*.gz=01;31:*.lrz=01;31:*.lz=01;31:*.lzo=01;31:*.xz=01;31:*.zst=01;31:*.tzst=01;31:*.bz2=01;31:*.bz=01;31:*.tbz=01;31:*.tbz2=01;31:*.tz=01;31:*.deb=01;31:*.rpm=01;31:*.jar=01;31:*.war=01;31:*.ear=01;31:*.sar=01;31:*.rar=01;31:*.alz=01;31:*.ace=01;31:*.zoo=01;31:*.cpio=01;31:*.7z=01;31:*.rz=01;31:*.cab=01;31:*.wim=01;31:*.swm=01;31:*.dwm=01;31:*.esd=01;31:*.jpg=01;35:*.jpeg=01;35:*.mjpg=01;35:*.mjpeg=01;35:*.gif=01;35:*.bmp=01;35:*.pbm=01;35:*.pgm=01;35:*.ppm=01;35:*.tga=01;35:*.xbm=01;35:*.xpm=01;35:*.tif=01;35:*.tiff=01;35:*.png=01;35:*.svg=01;35:*.svgz=01;35:*.mng=01;35:*.pcx=01;35:*.mov=01;35:*.mpg=01;35:*.mpeg=01;35:*.m2v=01;35:*.mkv=01;35:*.webm=01;35:*.ogm=01;35:*.mp4=01;35:*.m4v=01;35:*.mp4v=01;35:*.vob=01;35:*.qt=01;35:*.nuv=01;35:*.wmv=01;35:*.asf=01;35:*.rm=01;35:*.rmvb=01;35:*.flc=01;35:*.avi=01;35:*.fli=01;35:*.flv=01;35:*.gl=01;35:*.dl=01;35:*.xcf=01;35:*.xwd=01;35:*.yuv=01;35:*.cgm=01;35:*.emf=01;35:*.ogv=01;35:*.ogx=01;35:*.aac=00;36:*.au=00;36:*.flac=00;36:*.m4a=00;36:*.mid=00;36:*.midi=00;36:*.mka=00;36:*.mp3=00;36:*.mpc=00;36:*.ogg=00;36:*.ra=00;36:*.wav=00;36:*.oga=00;36:*.opus=00;36:*.spx=00;36:*.xspf=00;36:'), ('GNOME_TERMINAL_SERVICE', ':1.76'), ('SSH_AUTH_SOCK', '/run/user/1000/keyring/ssh'), ('AMENT_PREFIX_PATH', '/home/rob/ws_pymoveit2/install:/opt/ros/galactic'), ('SHELL', '/bin/bash'), ('LC_NAME', 'en_US.UTF-8'), ('QT_ACCESSIBILITY', '1'), ('GDMSESSION', 'ubuntu'), ('LESSCLOSE', '/usr/bin/lesspipe %s %s'), ('LC_MEASUREMENT', 'en_US.UTF-8'), ('GPG_AGENT_INFO', '/run/user/1000/gnupg/S.gpg-agent:0:1'), ('LC_IDENTIFICATION', 'en_US.UTF-8'), ('QT_IM_MODULE', 'ibus'), ('PWD', '/home/rob/praktikum_ws/build/vrpn_client_ros'), ('LC_ALL', 'en_US.UTF-8'), ('XDG_CONFIG_DIRS', '/etc/xdg/xdg-ubuntu:/etc/xdg'), ('XDG_DATA_DIRS', '/usr/share/ubuntu:/usr/local/share/:/usr/share/:/var/lib/snapd/desktop'), ('PYTHONPATH', '/home/rob/ws_pymoveit2/install/lib/python3.8/site-packages:/opt/ros/galactic/lib/python3.8/site-packages'), ('LC_NUMERIC', 'en_US.UTF-8'), ('LC_PAPER', 'en_US.UTF-8'), ('COLCON', '1'), ('VTE_VERSION', '6003'), ('CMAKE_PREFIX_PATH', '/home/rob/ws_pymoveit2/install:/opt/ros/galactic')]), 'shell': False}
[4.047537] (vrpn_client_ros) StdoutLine: {'line': b'-- Install configuration: ""\n'}
[4.048832] (vrpn_client_ros) StdoutLine: {'line': b'-- Up-to-date: /home/rob/praktikum_ws/install/vrpn_client_ros/share/vrpn_client_ros//launch\n'}
[4.049673] (vrpn_client_ros) StdoutLine: {'line': b'-- Up-to-date: /home/rob/praktikum_ws/install/vrpn_client_ros/share/vrpn_client_ros//launch/sample.launch.py\n'}
[4.049911] (vrpn_client_ros) StdoutLine: {'line': b'-- Up-to-date: /home/rob/praktikum_ws/install/vrpn_client_ros/share/vrpn_client_ros//config\n'}
[4.050696] (vrpn_client_ros) StdoutLine: {'line': b'-- Up-to-date: /home/rob/praktikum_ws/install/vrpn_client_ros/share/vrpn_client_ros//config/rob_optitrack.params.yaml\n'}
[4.050925] (vrpn_client_ros) StdoutLine: {'line': b'-- Up-to-date: /home/rob/praktikum_ws/install/vrpn_client_ros/share/vrpn_client_ros//config/sample.params.yaml\n'}
[4.051097] (vrpn_client_ros) StdoutLine: {'line': b'-- Up-to-date: /home/rob/praktikum_ws/install/vrpn_client_ros/share/vrpn_client_ros//config/sample.params.yaml~\n'}
[4.051622] (vrpn_client_ros) StdoutLine: {'line': b'-- Up-to-date: /home/rob/praktikum_ws/install/vrpn_client_ros/lib/libvrpn_client_ros.a\n'}
[4.053268] (vrpn_client_ros) StdoutLine: {'line': b'-- Up-to-date: /home/rob/praktikum_ws/install/vrpn_client_ros/lib/vrpn_client_ros/vrpn_tracker_node\n'}
[4.054653] (vrpn_client_ros) StdoutLine: {'line': b'-- Up-to-date: /home/rob/praktikum_ws/install/vrpn_client_ros/lib/vrpn_client_ros/vrpn_client_node\n'}
[4.055882] (vrpn_client_ros) StdoutLine: {'line': b'-- Up-to-date: /home/rob/praktikum_ws/install/vrpn_client_ros/share/ament_index/resource_index/package_run_dependencies/vrpn_client_ros\n'}
[4.056363] (vrpn_client_ros) StdoutLine: {'line': b'-- Up-to-date: /home/rob/praktikum_ws/install/vrpn_client_ros/share/ament_index/resource_index/parent_prefix_path/vrpn_client_ros\n'}
[4.056840] (vrpn_client_ros) StdoutLine: {'line': b'-- Up-to-date: /home/rob/praktikum_ws/install/vrpn_client_ros/share/vrpn_client_ros/environment/ament_prefix_path.sh\n'}
[4.057077] (vrpn_client_ros) StdoutLine: {'line': b'-- Up-to-date: /home/rob/praktikum_ws/install/vrpn_client_ros/share/vrpn_client_ros/environment/ament_prefix_path.dsv\n'}
[4.057311] (vrpn_client_ros) StdoutLine: {'line': b'-- Up-to-date: /home/rob/praktikum_ws/install/vrpn_client_ros/share/vrpn_client_ros/environment/path.sh\n'}
[4.057536] (vrpn_client_ros) StdoutLine: {'line': b'-- Up-to-date: /home/rob/praktikum_ws/install/vrpn_client_ros/share/vrpn_client_ros/environment/path.dsv\n'}
[4.057757] (vrpn_client_ros) StdoutLine: {'line': b'-- Up-to-date: /home/rob/praktikum_ws/install/vrpn_client_ros/share/vrpn_client_ros/local_setup.bash\n'}
[4.057976] (vrpn_client_ros) StdoutLine: {'line': b'-- Up-to-date: /home/rob/praktikum_ws/install/vrpn_client_ros/share/vrpn_client_ros/local_setup.sh\n'}
[4.058225] (vrpn_client_ros) StdoutLine: {'line': b'-- Up-to-date: /home/rob/praktikum_ws/install/vrpn_client_ros/share/vrpn_client_ros/local_setup.zsh\n'}
[4.058451] (vrpn_client_ros) StdoutLine: {'line': b'-- Up-to-date: /home/rob/praktikum_ws/install/vrpn_client_ros/share/vrpn_client_ros/local_setup.dsv\n'}
[4.058690] (vrpn_client_ros) StdoutLine: {'line': b'-- Installing: /home/rob/praktikum_ws/install/vrpn_client_ros/share/vrpn_client_ros/package.dsv\n'}
[4.059550] (vrpn_client_ros) StdoutLine: {'line': b'-- Up-to-date: /home/rob/praktikum_ws/install/vrpn_client_ros/share/ament_index/resource_index/packages/vrpn_client_ros\n'}
[4.060033] (vrpn_client_ros) StdoutLine: {'line': b'-- Up-to-date: /home/rob/praktikum_ws/install/vrpn_client_ros/share/vrpn_client_ros/cmake/vrpn_client_rosConfig.cmake\n'}
[4.060218] (vrpn_client_ros) StdoutLine: {'line': b'-- Up-to-date: /home/rob/praktikum_ws/install/vrpn_client_ros/share/vrpn_client_ros/cmake/vrpn_client_rosConfig-version.cmake\n'}
[4.060448] (vrpn_client_ros) StdoutLine: {'line': b'-- Up-to-date: /home/rob/praktikum_ws/install/vrpn_client_ros/share/vrpn_client_ros/package.xml\n'}
[4.065941] (vrpn_client_ros) CommandEnded: {'returncode': 0}
[4.087321] (-) TimerEvent: {}
[4.131424] (vrpn_client_ros) JobEnded: {'identifier': 'vrpn_client_ros', 'rc': 0}
[4.132208] (robprakt) JobStarted: {'identifier': 'robprakt'}
[4.200217] (-) TimerEvent: {}
[4.312053] (-) TimerEvent: {}
[4.417515] (-) TimerEvent: {}
[4.521045] (-) TimerEvent: {}
[4.628008] (-) TimerEvent: {}
[4.739981] (-) TimerEvent: {}
[4.852280] (-) TimerEvent: {}
[4.960578] (-) TimerEvent: {}
[5.060830] (-) TimerEvent: {}
[5.169484] (-) TimerEvent: {}
[5.171159] (robprakt) Command: {'cmd': ['/usr/bin/python3', 'setup.py', 'egg_info', '--egg-base', '../../build/robprakt', 'build', '--build-base', '/home/rob/praktikum_ws/build/robprakt/build', 'install', '--prefix', '/home/rob/praktikum_ws/install/robprakt', '--record', '/home/rob/praktikum_ws/build/robprakt/install.log', '--single-version-externally-managed'], 'cwd': '/home/rob/praktikum_ws/src/robprakt', 'env': {'LESSOPEN': '| /usr/bin/lesspipe %s', 'USER': 'rob', 'LC_TIME': 'en_US.UTF-8', 'SSH_AGENT_PID': '1196', 'XDG_SESSION_TYPE': 'x11', 'SHLVL': '1', 'LD_LIBRARY_PATH': '/home/rob/praktikum_ws/install/robprakt_interfaces/lib:/opt/ros/galactic/opt/yaml_cpp_vendor/lib:/opt/ros/galactic/opt/rviz_ogre_vendor/lib:/opt/ros/galactic/lib/x86_64-linux-gnu:/opt/ros/galactic/lib', 'HOME': '/home/rob', 'OLDPWD': '/home/rob', 'DESKTOP_SESSION': 'ubuntu', 'ROS_PYTHON_VERSION': '3', 'GNOME_SHELL_SESSION_MODE': 'ubuntu', 'GTK_MODULES': 'gail:atk-bridge', 'LC_MONETARY': 'en_US.UTF-8', 'MANAGERPID': '963', 'DBUS_SESSION_BUS_ADDRESS': 'unix:path=/run/user/1000/bus', 'COLORTERM': 'truecolor', 'IM_CONFIG_PHASE': '1', 'COLCON_PREFIX_PATH': '/home/rob/ws_pymoveit2/install', 'ROS_DISTRO': 'galactic', 'LOGNAME': 'rob', 'JOURNAL_STREAM': '8:31242', '_': '/usr/bin/colcon', 'ROS_VERSION': '2', 'XDG_SESSION_CLASS': 'user', 'USERNAME': 'rob', 'TERM': 'xterm-256color', 'GNOME_DESKTOP_SESSION_ID': 'this-is-deprecated', 'ROS_LOCALHOST_ONLY': '0', 'WINDOWPATH': '2', 'PATH': '/opt/ros/galactic/bin:/usr/local/sbin:/usr/local/bin:/usr/sbin:/usr/bin:/sbin:/bin:/usr/games:/usr/local/games:/snap/bin', 'SESSION_MANAGER': 'local/rob-VirtualBox:@/tmp/.ICE-unix/1234,unix/rob-VirtualBox:/tmp/.ICE-unix/1234', 'INVOCATION_ID': 'fd3bd5b63f9f4c73a3628a270c5d95d8', 'PAPERSIZE': 'letter', 'XDG_MENU_PREFIX': 'gnome-', 'LC_ADDRESS': 'en_US.UTF-8', 'GNOME_TERMINAL_SCREEN': '/org/gnome/Terminal/screen/2fb77e07_c358_4ac4_81a8_79d77be095bd', 'XDG_RUNTIME_DIR': '/run/user/1000', 'DISPLAY': ':0', 'LANG': 'en_US.UTF-8', 'XDG_CURRENT_DESKTOP': 'ubuntu:GNOME', 'LC_TELEPHONE': 'en_US.UTF-8', 'XMODIFIERS': '@im=ibus', 'XDG_SESSION_DESKTOP': 'ubuntu', 'XAUTHORITY': '/run/user/1000/gdm/Xauthority', 'LS_COLORS': 'rs=0:di=01;34:ln=01;36:mh=00:pi=40;33:so=01;35:do=01;35:bd=40;33;01:cd=40;33;01:or=40;31;01:mi=00:su=37;41:sg=30;43:ca=30;41:tw=30;42:ow=34;42:st=37;44:ex=01;32:*.tar=01;31:*.tgz=01;31:*.arc=01;31:*.arj=01;31:*.taz=01;31:*.lha=01;31:*.lz4=01;31:*.lzh=01;31:*.lzma=01;31:*.tlz=01;31:*.txz=01;31:*.tzo=01;31:*.t7z=01;31:*.zip=01;31:*.z=01;31:*.dz=01;31:*.gz=01;31:*.lrz=01;31:*.lz=01;31:*.lzo=01;31:*.xz=01;31:*.zst=01;31:*.tzst=01;31:*.bz2=01;31:*.bz=01;31:*.tbz=01;31:*.tbz2=01;31:*.tz=01;31:*.deb=01;31:*.rpm=01;31:*.jar=01;31:*.war=01;31:*.ear=01;31:*.sar=01;31:*.rar=01;31:*.alz=01;31:*.ace=01;31:*.zoo=01;31:*.cpio=01;31:*.7z=01;31:*.rz=01;31:*.cab=01;31:*.wim=01;31:*.swm=01;31:*.dwm=01;31:*.esd=01;31:*.jpg=01;35:*.jpeg=01;35:*.mjpg=01;35:*.mjpeg=01;35:*.gif=01;35:*.bmp=01;35:*.pbm=01;35:*.pgm=01;35:*.ppm=01;35:*.tga=01;35:*.xbm=01;35:*.xpm=01;35:*.tif=01;35:*.tiff=01;35:*.png=01;35:*.svg=01;35:*.svgz=01;35:*.mng=01;35:*.pcx=01;35:*.mov=01;35:*.mpg=01;35:*.mpeg=01;35:*.m2v=01;35:*.mkv=01;35:*.webm=01;35:*.ogm=01;35:*.mp4=01;35:*.m4v=01;35:*.mp4v=01;35:*.vob=01;35:*.qt=01;35:*.nuv=01;35:*.wmv=01;35:*.asf=01;35:*.rm=01;35:*.rmvb=01;35:*.flc=01;35:*.avi=01;35:*.fli=01;35:*.flv=01;35:*.gl=01;35:*.dl=01;35:*.xcf=01;35:*.xwd=01;35:*.yuv=01;35:*.cgm=01;35:*.emf=01;35:*.ogv=01;35:*.ogx=01;35:*.aac=00;36:*.au=00;36:*.flac=00;36:*.m4a=00;36:*.mid=00;36:*.midi=00;36:*.mka=00;36:*.mp3=00;36:*.mpc=00;36:*.ogg=00;36:*.ra=00;36:*.wav=00;36:*.oga=00;36:*.opus=00;36:*.spx=00;36:*.xspf=00;36:', 'GNOME_TERMINAL_SERVICE': ':1.76', 'SSH_AUTH_SOCK': '/run/user/1000/keyring/ssh', 'AMENT_PREFIX_PATH': '/home/rob/praktikum_ws/install/robprakt_interfaces:/home/rob/ws_pymoveit2/install:/opt/ros/galactic', 'SHELL': '/bin/bash', 'LC_NAME': 'en_US.UTF-8', 'QT_ACCESSIBILITY': '1', 'GDMSESSION': 'ubuntu', 'LESSCLOSE': '/usr/bin/lesspipe %s %s', 'LC_MEASUREMENT': 'en_US.UTF-8', 'GPG_AGENT_INFO': '/run/user/1000/gnupg/S.gpg-agent:0:1', 'LC_IDENTIFICATION': 'en_US.UTF-8', 'QT_IM_MODULE': 'ibus', 'PWD': '/home/rob/praktikum_ws/build/robprakt', 'LC_ALL': 'en_US.UTF-8', 'XDG_CONFIG_DIRS': '/etc/xdg/xdg-ubuntu:/etc/xdg', 'XDG_DATA_DIRS': '/usr/share/ubuntu:/usr/local/share/:/usr/share/:/var/lib/snapd/desktop', 'PYTHONPATH': '/home/rob/praktikum_ws/install/robprakt/lib/python3.8/site-packages:/home/rob/praktikum_ws/install/robprakt_interfaces/lib/python3.8/site-packages:/home/rob/ws_pymoveit2/install/lib/python3.8/site-packages:/opt/ros/galactic/lib/python3.8/site-packages', 'LC_NUMERIC': 'en_US.UTF-8', 'LC_PAPER': 'en_US.UTF-8', 'COLCON': '1', 'VTE_VERSION': '6003', 'CMAKE_PREFIX_PATH': '/home/rob/praktikum_ws/install/robprakt_interfaces:/home/rob/ws_pymoveit2/install'}, 'shell': False}
[5.280764] (-) TimerEvent: {}
[5.392790] (-) TimerEvent: {}
[5.504801] (-) TimerEvent: {}
[5.509268] (robprakt) StdoutLine: {'line': b'running egg_info\n'}
[5.510529] (robprakt) StdoutLine: {'line': b'writing ../../build/robprakt/robprakt.egg-info/PKG-INFO\n'}
[5.540787] (robprakt) StdoutLine: {'line': b'writing dependency_links to ../../build/robprakt/robprakt.egg-info/dependency_links.txt\n'}
[5.541152] (robprakt) StdoutLine: {'line': b'writing entry points to ../../build/robprakt/robprakt.egg-info/entry_points.txt\n'}
[5.541574] (robprakt) StdoutLine: {'line': b'writing requirements to ../../build/robprakt/robprakt.egg-info/requires.txt\n'}
[5.541927] (robprakt) StdoutLine: {'line': b'writing top-level names to ../../build/robprakt/robprakt.egg-info/top_level.txt\n'}
[5.604019] (robprakt) StdoutLine: {'line': b"reading manifest file '../../build/robprakt/robprakt.egg-info/SOURCES.txt'\n"}
[5.604913] (-) TimerEvent: {}
[5.606092] (robprakt) StdoutLine: {'line': b"writing manifest file '../../build/robprakt/robprakt.egg-info/SOURCES.txt'\n"}
[5.606451] (robprakt) StdoutLine: {'line': b'running build\n'}
[5.606641] (robprakt) StdoutLine: {'line': b'running build_py\n'}
[5.608128] (robprakt) StdoutLine: {'line': b'running install\n'}
[5.609207] (robprakt) StdoutLine: {'line': b'running install_lib\n'}
[5.611850] (robprakt) StdoutLine: {'line': b'running install_data\n'}
[5.613575] (robprakt) StdoutLine: {'line': b'running install_egg_info\n'}
[5.615759] (robprakt) StdoutLine: {'line': b"removing '/home/rob/praktikum_ws/install/robprakt/lib/python3.8/site-packages/robprakt-0.0.0-py3.8.egg-info' (and everything under it)\n"}
[5.616280] (robprakt) StdoutLine: {'line': b'Copying ../../build/robprakt/robprakt.egg-info to /home/rob/praktikum_ws/install/robprakt/lib/python3.8/site-packages/robprakt-0.0.0-py3.8.egg-info\n'}
[5.617875] (robprakt) StdoutLine: {'line': b'running install_scripts\n'}
[5.641534] (robprakt) StdoutLine: {'line': b'Installing vacuum_control script to /home/rob/praktikum_ws/install/robprakt/lib/robprakt\n'}
[5.644273] (robprakt) StdoutLine: {'line': b"writing list of installed files to '/home/rob/praktikum_ws/build/robprakt/install.log'\n"}
[5.671235] (robprakt) CommandEnded: {'returncode': 0}
[5.682905] (robprakt) JobEnded: {'identifier': 'robprakt', 'rc': 0}
[5.683899] (-) EventReactorShutdown: {}
